0,0,0,0,0,0
0,0,0,0,0,0
-180,18,-19,-170,-33,142
-180,-68,-66,-21,116,98
-180,-66,-6,-173,41,-124
-180,-39,-13,135,48,72
-180,-19,-9,80,-70,57
-180,-8,-29,101,17,176
-180,-33,1,4,-68,116
-180,-18,-15,-16,-77,106
-179,-57,-85,76,-97,-61
-179,-30,-89,-170,103,30
-179,-88,-18,-174,-53,146
-179,-13,-69,-118,26,58
-179,-53,-59,88,89,-45
-179,-12,-8,-158,-86,31
-179,-73,-36,-153,-44,-109
-179,-32,-35,-20,-84,94
-178,-40,-68,147,-36,-33
-178,-2,-77,-98,-22,-122
-178,-15,-67,-34,-60,169
-178,-81,16,179,-41,-142
-178,-2,-1,-50,94,-174
-177,-65,-59,-7,-42,147
-177,-82,23,99,-36,-19
-177,-21,-68,172,23,-87
-177,-35,-65,-57,-82,170
-177,-24,-45,116,99,163
-177,-37,-72,26,113,-26
-176,-69,25,-55,-97,-121
-176,-38,-5,167,-85,-47
-176,-87,-25,53,114,-99
-176,-79,-53,-158,43,-9
-175,-44,-11,-166,-31,-41
-175,-18,17,60,20,-71
-175,-13,-7,6,-85,-142
-175,-14,-78,132,93,3
-175,-81,-13,18,63,-155
-175,-38,-27,84,53,-28
-175,-49,5,157,59,-108
-174,-60,-58,-151,52,29
-174,-36,24,70,-28,-149
-174,-3,-52,81,61,45
-174,-88,-59,145,-3,170
-174,-73,9,2,42,-180
-174,-60,-57,-150,-30,-92
-173,-13,-12,122,-83,-61
-173,-9,-75,164,-91,-10
-173,-37,31,-108,77,161
-173,-62,-5,118,20,148
-173,-14,-22,148,70,142
-173,-11,-29,81,-60,75
-173,-17,-82,20,65,16
-173,-89,25,-120,-14,69
-173,-34,-71,-85,-66,-174
-173,-25,34,166,-88,51
-173,-46,-21,-16,-70,-121
-173,-77,-26,0,-95,28
-172,-17,-39,-55,-52,116
-172,-75,-56,177,-65,-176
-172,-1,-1,-46,-27,56
-172,-55,11,152,4,122
-172,-9,-29,100,-44,32
-172,-29,-10,166,68,-75
-172,-57,23,-169,-94,60
-172,-73,-16,-24,40,-163
-171,-8,-21,-2,-28,-139
-171,-77,-63,115,53,130
-171,-25,26,34,-76,106
-170,-40,-52,76,-77,-29
-170,-76,1,-169,43,169
-170,-85,-30,50,60,132
-170,-69,-85,-79,-94,86
-170,-8,24,2,13,-128
-169,-4,-35,101,-82,79
-169,-3,-58,-43,36,106
-169,-13,11,-80,50,-131
-169,-79,-42,-154,108,-81
-169,-35,-28,171,-6,-154
-169,-65,35,-119,72,-119
-169,-73,-2,-47,100,-58
-169,-46,-1,27,61,23
-169,-89,-67,-6,12,137
-169,-10,10,88,-58,-150
-169,-10,-22,-131,-6,-96
-168,-4,-29,-66,-28,2
-168,-59,-6,-120,14,-140
-168,-79,18,-117,-27,42
-168,-24,-25,-51,-14,-49
-168,-89,-54,-105,-45,-81
-168,-40,4,7,110,-167
-168,-90,-66,155,-80,-63
-168,-76,-18,-130,73,127
-167,-87,31,-63,-71,-99
-167,-43,-3,-57,114,33
-167,-64,-19,-155,67,-22
-167,-80,-31,31,37,136
-167,-18,22,-55,-95,128
-167,-74,18,103,26,101
-167,-64,29,-55,-45,21
-166,-23,-83,132,117,-109
-166,-59,-36,-179,58,-56
-166,-71,-44,37,-33,-78
-166,-89,30,70,-38,-137
-166,-69,-73,-139,-38,142
-166,-55,-55,-88,17,-112
-166,-75,8,-38,86,156
-166,-12,4,-19,83,29
-166,-41,11,-80,-28,-180
-165,-30,-13,115,-96,-118
-165,-63,-47,94,123,-144
-165,-31,-34,92,12,28
-165,-16,-35,-107,5,179
-165,-29,-3,-78,-55,68
-164,-29,-2,118,33,-155
-164,-19,31,-146,-85,-150
-164,-31,34,100,35,-107
-164,-78,-54,-158,-66,-105
-164,-19,-54,-164,63,165
-164,-13,-85,93,112,-91
-164,-30,15,-128,-83,135
-164,-74,-41,122,123,52
-163,-36,-64,45,-91,-49
-163,-63,18,158,-19,172
-163,-54,33,-74,-85,45
-163,-67,-2,-96,-80,-98
-163,-68,-27,102,-56,40
-163,-77,-57,108,-66,108
-163,-78,-73,42,-81,176
-163,-18,8,-97,107,-156
-162,-58,-81,68,123,-129
-162,-8,-79,106,17,-56
-162,-52,15,-7,-100,109
-162,-82,-23,91,94,92
-162,-81,30,131,-88,36
-162,-70,33,-4,99,101
-162,-84,-76,78,35,142
-162,-53,-2,-32,-88,95
-162,-84,-65,106,30,-165
-162,-74,34,-141,-41,-88
-162,-60,-39,-160,102,-108
-162,-58,30,123,-23,-85
-162,-50,-15,-166,42,-37
-162,-6,29,-117,-47,172
-162,-17,30,109,-56,-120
-161,-44,-32,-118,-94,-109
-161,-69,-19,-79,-10,-113
-161,-24,-70,53,35,-5
-161,-62,-80,-83,2,-74
-161,-9,-73,144,-73,169
-161,-67,-22,-82,-16,-89
-161,-2,-53,76,111,57
-160,-71,-88,-21,19,-40
-160,-69,-5,-5,-74,74
-160,-38,-65,106,72,111
-160,-79,19,-83,-96,-19
-159,-53,-73,58,-57,-43
-159,-80,-89,12,-95,-49
-159,-88,-7,113,-78,71
-159,-46,-28,-163,57,50
-159,-62,-8,70,-53,-10
-159,-78,-69,85,-32,-27
-159,-36,18,72,2,34
-159,-74,-71,22,15,46
-158,-17,33,40,67,122
-158,-78,24,-8,-49,26
-158,-74,-64,-32,-44,-78
-158,-40,-62,0,105,161
-158,-1,-36,-72,-21,106
-158,-64,25,-114,-48,-156
-158,-52,-38,-84,34,-41
-158,-8,-20,161,81,171
-158,-80,-11,3,-26,92
-158,-85,27,106,95,5
-157,-60,-15,85,107,54
-157,-69,19,75,-35,112
-157,-8,-56,111,18,-54
-157,-45,-50,-56,11,-113
-157,-66,-24,105,-90,52
-157,-46,-1,68,49,-131
-157,-62,-21,166,54,-105
-157,-11,-88,94,-53,103
-157,-63,3,69,118,31
-157,-22,-27,-10,-71,-134
-157,-89,-5,-119,98,-47
-156,-38,33,-74,24,-137
-156,-11,-35,-45,-77,-25
-156,-73,5,93,8,41
-156,-8,-68,177,-26,-137
-156,-80,6,175,-67,113
-156,-35,20,129,-24,14
-156,-76,-39,138,-33,46
-156,-83,30,-68,75,125
-156,-23,-79,-142,-20,-92
-155,-4,-58,-11,114,-165
-155,-13,-88,-30,101,164
-155,-37,-34,-72,-15,-137
-155,-22,-31,172,-71,21
-155,-83,-22,177,30,84
-154,-31,35,107,73,50
-154,-46,-30,-82,91,-171
-154,-68,-35,150,81,-154
-154,-81,-88,-171,3,60
-154,-76,29,-162,-33,34
-154,-13,-4,-28,-57,-112
-154,-77,-33,137,0,105
-154,-60,-10,-32,81,86
-154,-69,-34,53,-31,101
-154,-36,1,-38,33,43
-154,-62,-64,54,57,-35
-154,-37,-78,46,20,-65
-153,-5,26,113,-55,101
-153,-51,8,-62,93,-168
-153,-66,-22,105,67,27
-153,-60,10,35,64,-56
-153,-72,-9,-160,-58,-53
-152,-83,-86,-86,84,144
-152,-44,-47,128,35,-2
-152,-11,-68,-120,51,-126
-152,-8,-48,57,106,37
-152,-30,-42,86,-93,147
-152,-19,-39,154,-74,119
-151,-62,2,-28,-67,-26
-151,-69,-37,-92,123,-112
-151,-1,26,-131,69,133
-150,-2,17,150,10,157
-150,-77,22,150,-39,-82
-150,-47,27,40,76,-97
-150,-42,-51,82,-87,-138
-150,-82,-11,121,-25,50
-150,-72,-9,13,82,7
-150,-33,-73,-166,104,-161
-150,-62,21,39,94,-159
-150,-68,-8,46,-95,-67
-150,-43,-77,160,84,-61
-149,-45,22,49,80,-35
-149,-68,-8,71,-71,-68
-149,-14,25,176,90,-124
-149,-7,-40,165,-97,134
-149,-32,-39,57,-96,-157
-149,-75,-67,130,-93,-63
-149,-11,-84,-128,2,-152
-149,-73,9,147,-35,22
-149,-27,3,-128,-82,-17
-148,-42,-75,82,90,164
-148,-42,-71,88,115,112
-148,-3,-15,-167,-70,82
-148,-42,-87,-147,17,-12
-148,-72,-42,87,62,-165
-147,-24,-2,121,-55,-167
-147,-57,-6,-13,47,-60
-147,-54,19,-151,122,54
-147,-15,-46,50,-34,-62
-147,-54,-52,-26,-51,49
-147,-58,-41,42,-31,-80
-147,-59,-57,38,97,58
-146,-84,-12,12,-72,-45
-146,-69,-59,-67,29,-129
-146,-71,24,48,10,54
-146,-38,-6,90,33,0
-146,-65,-13,112,-14,144
-146,-56,13,-85,-91,-2
-146,-17,-15,-105,16,-127
-146,-59,1,136,76,-114
-145,-79,28,98,69,-85
-145,-46,20,-85,89,-105
-145,-18,9,40,-72,47
-145,-87,-5,10,-1,165
-144,-32,-25,167,-91,-71
-144,-52,4,-93,106,-174
-144,-74,-19,111,55,25
-144,-66,-36,-148,5,-94
-144,-56,23,-72,0,-41
-144,-10,14,-76,-85,-109
-144,-89,3,163,17,41
-144,-34,9,-42,20,176
-144,-11,-56,-28,101,145
-143,-40,19,123,-100,-6
-143,-38,-29,-179,-42,33
-143,-13,-2,-23,3,-7
-143,-11,-76,30,104,12
-143,-60,-77,-7,33,-6
-143,-40,-87,121,13,-150
-143,-70,-4,47,85,126
-143,-54,2,117,43,-56
-143,-6,-7,92,89,-72
-143,-58,2,-125,-66,164
-143,-59,-37,-12,-47,75
-142,-4,-42,-1,66,98
-142,-50,-80,-127,37,-175
-142,-77,-9,17,93,7
-142,-47,-42,76,-4,-169
-142,-12,-62,-130,-71,-151
-142,-75,-7,-145,53,43
-142,-23,-81,66,24,-88
-142,-75,13,-116,-42,79
-142,-70,15,-98,-96,155
-142,-71,-63,-20,33,-107
-142,-1,-87,-105,31,-49
-142,-74,-9,4,-5,-50
-142,-35,34,80,23,-173
-142,-15,-70,-100,28,-95
-142,-39,-56,-38,93,147
-141,-23,-14,59,69,171
-141,-88,19,-152,85,-153
-141,-12,9,124,-100,-99
-141,-63,1,-167,-97,-121
-141,-24,-42,90,-56,-141
-141,-29,-56,-50,-38,-88
-141,-70,-80,-174,74,-111
-140,-75,12,-128,122,66
-140,-70,-4,-140,-31,87
-140,-9,-10,106,-62,93
-140,-44,-25,-11,5,-169
-140,-24,-21,-17,111,99
-140,-41,16,51,-72,132
-139,0,-52,-10,-99,-59
-139,-23,14,176,-56,69
-139,-51,-66,-18,-91,62
-139,-38,35,-10,17,98
-139,-40,-11,17,-68,-26
-139,-66,10,-42,-22,74
-139,-61,25,17,-61,-76
-139,-86,-15,151,-47,121
-139,-34,23,125,62,-37
-138,-24,-54,-116,21,80
-138,-23,28,176,55,32
-138,-14,-48,85,86,74
-138,-59,20,171,12,-156
-138,-77,14,62,-94,-123
-137,-68,24,-87,-7,-5
-137,-85,-14,30,15,67
-137,-19,-1,-28,49,73
-137,-52,-19,-44,-80,161
-137,-33,-24,-131,6,-117
-137,-67,20,170,-37,104
-137,-60,31,-78,-43,-141
-136,-23,-7,40,109,-32
-136,-76,-46,6,-17,93
-136,-33,-6,46,104,19
-136,-46,3,-136,18,28
-136,-15,19,39,65,129
-136,-63,-13,50,-40,119
-135,-36,-10,-6,22,64
-135,-17,-20,141,67,-20
-135,-56,-65,-84,1,-57
-135,-52,23,-65,13,-121
-135,-77,25,-53,-83,-132
-135,-4,-14,115,-88,-8
-135,-90,-13,40,102,133
-135,-46,-23,54,112,-82
-135,-42,-30,62,-100,49
-135,-44,-64,20,76,-118
-134,-73,-39,-52,6,-16
-134,-80,-70,4,-27,104
-134,-62,-48,116,52,-170
-134,-47,-59,-122,13,174
-134,-37,14,24,38,-36
-134,-4,-4,12,-66,-167
-134,-79,21,-53,66,112
-133,-76,30,-141,-50,139
-133,-30,18,-80,101,87
-133,-57,-21,-12,-56,161
-133,-72,1,-37,-14,-164
-133,-90,24,-145,-4,-18
-133,-11,-23,116,124,55
-133,-22,-21,-83,105,-45
-133,-69,33,-91,-100,-152
-132,-50,-75,156,100,-93
-132,-45,19,-151,57,114
-132,-23,-12,-101,-39,-105
-132,-30,30,-77,95,103
-132,-29,-88,62,-45,-119
-132,-14,-25,-25,-91,49
-131,-8,-76,-91,-67,17
-131,-32,34,175,83,-59
-131,-75,-85,142,-48,-27
-131,-74,-39,-135,17,-173
-131,-12,8,-66,55,167
-131,-75,-45,-79,-57,-126
-131,-90,-61,86,21,16
-131,-40,-48,-35,86,-140
-130,-62,-35,24,-92,-100
-130,-40,-49,-82,2,-95
-130,-4,11,51,-81,-80
-130,-41,-20,15,-77,43
-130,-60,18,-178,72,142
-130,-2,-9,82,-92,151
-130,-50,-64,152,57,-45
-130,-28,-89,-164,38,157
-130,-37,21,3,48,55
-130,-61,-12,153,-71,72
-129,-18,-18,-48,-32,23
-129,-86,-73,-176,112,-40
-129,-17,-46,-169,-92,139
-129,-86,-7,137,60,51
-129,-57,-87,-114,-51,-147
-129,-13,6,-141,22,-10
-129,-25,-19,-131,46,96
-129,-40,-23,-11,38,27
-129,-25,-5,30,-59,97
-128,-50,0,-41,90,-43
-128,-1,0,131,43,-172
-128,-29,-25,-116,-72,-167
-128,-27,0,80,56,23
-128,-41,-37,165,-71,-105
-128,-79,-79,11,8,70
-128,-80,2,-25,56,38
-128,-26,-46,164,41,65
-128,-58,17,-150,-19,-157
-128,-65,-68,-12,30,0
-127,-32,-31,-85,-55,127
-127,-84,-87,-58,65,-56
-127,-84,-41,73,2,-1
-127,-32,-25,62,-99,-178
-127,-44,-33,-156,12,81
-127,-2,-79,-15,114,64
-127,-25,19,-67,98,93
-127,-21,-46,-5,89,-173
-127,-41,12,-62,-9,-64
-127,-39,15,-111,-93,-33
-127,-79,-78,-76,-87,-137
-127,-19,-42,-146,87,179
-127,-39,-46,88,-42,-131
-127,-15,7,56,-77,41
-126,-22,-31,39,81,-99
-126,-71,-54,134,7,-41
-126,-67,-60,19,103,134
-126,-56,2,-60,-68,162
-126,-78,-72,67,80,49
-126,-13,-12,-88,96,-19
-126,-40,-17,166,76,-167
-126,-58,-72,-124,-49,4
-126,-31,7,-174,-68,-106
-126,-18,-24,-30,-49,-69
-125,-10,-29,41,14,-157
-125,-6,-83,-112,-80,60
-125,-87,-85,64,111,-171
-125,-3,-39,97,79,173
-125,-9,-12,102,25,169
-125,-23,-76,142,108,109
-125,-20,-3,-161,-85,53
-124,-63,21,171,-77,-86
-124,-59,-27,-88,23,13
-124,-77,-42,-172,26,115
-124,-8,-4,-180,73,139
-124,-38,-54,4,28,-176
-124,-23,-39,-109,88,-118
-124,-88,20,-66,-89,-61
-124,-69,-13,0,-80,179
-124,-10,-31,56,-20,-174
-124,-20,5,98,1,-55
-123,-45,-69,-86,75,-44
-123,-19,18,-104,100,7
-123,-50,-30,-20,-3,-11
-123,-28,-23,104,49,43
-123,-3,-53,-117,92,-139
-123,-67,-4,8,104,-96
-123,-42,-47,103,90,171
-122,-63,-89,166,66,90
-122,-65,-29,30,72,-67
-122,-54,-52,155,-47,-93
-122,-34,-72,106,117,151
-122,-27,-6,20,-25,125
-122,-56,22,-23,16,146
-122,-79,-22,163,-92,-40
-122,-41,-70,-77,109,117
-122,-73,-49,33,52,121
-122,-32,-42,90,79,-53
-122,-42,-2,-147,-45,-16
-121,-60,2,111,80,83
-121,-59,-20,-161,-74,170
-121,-63,-40,-133,121,-119
-121,-25,-30,85,-58,-112
-121,-13,-60,-108,-77,42
-121,-6,28,-133,10,-129
-121,-4,-57,-3,-7,41
-120,-16,20,-1,-33,-168
-120,-65,-56,88,0,24
-120,-52,-32,135,113,68
-120,-51,-28,116,98,-43
-120,-52,26,144,16,160
-120,-11,-63,69,-13,98
-120,-28,17,118,52,56
-120,-44,-47,86,27,-24
-120,-11,14,-45,114,152
-119,-63,-54,-169,-66,-161
-119,-57,-11,-148,-7,24
-119,-69,-14,-165,-71,-71
-119,-71,-49,-148,-14,129
-119,-69,-87,34,-94,-94
-119,-4,-77,-65,47,23
-118,-33,-19,-110,-2,8
-118,-41,10,-149,-53,35
-118,-25,-20,-36,84,-65
-118,-37,-7,-66,32,-180
-117,-42,-43,-50,16,-151
-117,-52,-19,-14,78,72
-117,-41,-89,-52,91,-37
-117,-85,-42,-131,-19,23
-117,-56,20,-113,-88,-64
-117,-1,10,116,28,-70
-117,-71,8,2,13,29
-117,-77,-47,77,98,-18
-116,-39,-40,-174,94,-59
-116,-15,22,97,6,-124
-116,-79,28,11,-75,128
-115,-1,15,-29,-61,-92
-115,-66,-55,-98,30,-33
-115,-40,-67,-153,0,15
-115,-85,-46,99,-2,-97
-115,-27,-27,-31,101,34
-115,-51,-37,126,2,25
-115,-15,-51,-6,-83,179
-115,-79,27,-38,32,-50
-115,-45,22,-69,7,-20
-115,-61,0,58,-29,-62
-114,-56,-72,110,34,141
-114,-52,2,98,1,-140
-114,-7,18,-131,120,58
-114,-8,13,163,14,169
-114,-90,-71,-18,-15,-43
-114,-65,-30,150,-79,12
-114,-17,-66,-65,-28,94
-114,-43,-26,139,52,111
-114,-57,-82,98,100,-36
-114,-40,-74,-25,-8,97
-114,-20,31,147,-43,8
-113,-75,-47,-143,35,161
-113,-5,-56,-176,30,-30
-113,-78,25,166,106,122
-113,-62,23,-3,-14,49
-113,-60,28,123,62,104
-113,-65,-42,-122,111,-21
-112,-56,20,-95,-53,44
-112,-87,-6,129,-7,-166
-112,-53,-46,-139,5,-23
-112,-33,-4,-132,-49,-122
-112,-55,5,-162,-11,72
-112,-2,-56,82,24,-15
-112,-53,8,81,-100,-72
-111,-66,-48,-26,-38,-19
-111,-21,-31,-76,42,61
-111,-87,-11,78,-68,97
-111,-62,-65,139,7,-161
-111,-19,8,154,67,21
-111,-68,-77,-176,-16,-74
-111,-68,-31,24,62,-91
-111,-53,-30,-101,-53,64
-111,-24,-61,164,-97,26
-111,-22,-38,27,-9,-136
-111,-71,-80,-137,-17,-31
-110,-25,-82,-30,-98,150
-110,-19,-90,-167,48,174
-110,-47,-51,-95,52,125
-110,-61,-47,-135,86,120
-110,-57,-30,-39,30,119
-110,-66,-70,-24,-32,-180
-110,-86,-9,-70,38,-178
-109,-88,0,-116,-79,-155
-108,-46,-10,-16,81,147
-108,-90,26,105,-77,18
-108,-70,10,-119,-57,129
-108,-52,-48,-106,-36,-54
-108,-33,-28,-133,23,-78
-107,-88,-43,-79,48,23
-107,-6,-48,117,89,137
-107,-77,-83,-38,-33,148
-107,-7,-15,-122,64,121
-107,-56,5,85,-78,-169
-107,-28,3,-75,71,-31
-107,-71,-16,86,103,-40
-107,-78,-43,-93,35,-98
-106,-2,-88,-35,85,-11
-106,-9,-34,127,33,-90
-106,-86,-56,-123,-92,-13
-106,-79,35,-91,108,-31
-106,-89,-65,15,106,-44
-106,-77,-44,-129,6,-52
-106,-57,-27,55,123,30
-106,-58,-14,-131,-67,-75
-105,-21,-45,-104,52,20
-105,-79,-12,19,48,86
-105,-27,-55,79,-83,-177
-105,-4,14,-145,-37,108
-105,-79,-64,-117,-16,-125
-105,-22,-49,-71,67,-71
-105,-38,-13,-139,43,-65
-105,-50,-21,-84,-72,48
-105,-39,-12,-141,14,-138
-105,-59,-51,-92,-56,161
-105,-28,-53,150,-61,10
-104,-23,-90,32,122,70
-104,-13,17,75,120,-107
-104,-1,-28,-67,80,138
-104,-44,-1,-4,80,140
-104,-55,-27,-109,31,160
-104,-47,20,154,43,20
-104,-14,-63,98,-8,46
-104,-78,-6,-168,45,120
-104,-58,27,-7,-19,21
-104,-42,25,-67,105,-177
-103,-52,9,-119,87,-39
-103,-3,12,-39,124,103
-103,-40,-50,-117,-38,-161
-103,-17,-2,136,-62,-86
-103,-38,-3,-33,-69,101
-103,-86,-56,-117,107,30
-103,-66,-80,71,-70,-36
-103,-16,-2,124,4,60
-103,-54,1,-127,2,-138
-103,-57,-42,-146,-47,92
-102,-16,29,-160,-30,-9
-102,-73,-73,125,56,-88
-102,-57,17,58,117,-99
-102,-17,-80,-107,-22,98
-102,-54,-78,-29,14,177
-102,-48,-56,118,103,-92
-102,-4,-34,142,-89,-161
-101,-46,33,-178,-90,-143
-101,-48,-76,-137,-59,59
-101,-77,-41,70,17,-57
-101,-41,-15,12,15,-55
-101,-84,-85,49,115,179
-100,-39,4,-78,114,87
-100,-22,-66,-72,68,-93
-100,-20,-56,24,19,-131
-100,-36,-84,38,-70,41
-100,-81,-65,-98,12,149
-99,-3,-34,122,76,-62
-99,-28,23,-133,116,-128
-99,-16,-30,-29,-1,-162
-99,-63,-84,133,-12,-30
-99,-29,25,129,106,151
-99,-68,-10,123,43,-128
-98,-47,30,-112,-30,162
-98,-51,-28,-135,-93,97
-98,-50,-51,164,97,-76
-98,-88,-59,106,-21,-33
-98,-60,16,-85,-58,-1
-98,-15,14,21,-76,154
-98,-64,24,-85,-22,78
-97,-72,-69,-155,15,152
-97,-34,-22,86,-45,173
-97,-74,-27,16,-46,-142
-97,-46,-2,102,9,20
-97,-6,-13,17,-6,-145
-97,-33,11,35,38,-180
-96,-3,19,1,-34,-169
-96,-82,-17,-59,104,40
-96,-6,-90,130,55,-28
-96,-37,-73,72,-82,101
-96,-3,-5,142,-44,136
-96,-9,-62,-159,24,87
-96,-8,27,112,-82,-172
-96,-48,-77,-157,-15,-4
-95,-83,8,-40,-50,31
-95,-78,-37,-162,-10,-61
-95,-21,25,-120,18,166
-95,-55,31,170,-72,-20
-95,-46,-56,-171,27,-30
-95,-10,2,-54,-64,57
-94,-88,-1,156,78,143
-94,-23,-8,173,83,-12
-94,-3,-76,-21,20,52
-94,-67,6,45,94,180
-94,-76,-50,137,79,166
-94,-67,-71,173,-96,75
-94,-87,25,-8,106,-104
-94,-69,-55,-119,-29,94
-94,-85,30,128,96,-152
-94,-12,-63,60,22,180
-94,-24,-67,-82,-19,7
-94,-42,-72,174,110,146
-94,-28,-5,150,-25,169
-93,-14,7,-133,-69,144
-93,-82,-15,161,111,-30
-93,-50,-14,-120,-61,146
-93,-36,-73,-65,67,78
-93,-27,25,52,-18,90
-93,-18,-64,-129,-13,-143
-93,-31,-3,-166,116,-148
-93,-28,5,75,93,-173
-92,-19,-46,-149,-92,-177
-92,-23,-39,143,-61,64
-92,-84,-21,50,6,-7
-92,-84,-50,-15,17,-24
-92,-61,-78,-48,28,108
-91,-68,-29,-34,116,131
-91,-70,-78,141,-2,-143
-91,-76,-70,-166,-10,70
-91,-24,-54,-67,-38,164
-91,-17,16,94,59,-9
-91,-3,-68,-78,81,-21
-91,-63,-43,-89,96,73
-91,-43,-35,-50,-70,-10
-91,-17,1,-55,-14,-1
-91,-51,-76,168,92,-88
-91,-52,22,86,72,-26
-91,-15,35,-34,38,-47
-90,-41,33,-48,106,27
-90,-82,-49,-162,-65,169
-90,-7,18,88,27,-65
-90,-88,0,19,122,-102
-89,-23,-20,-85,10,-93
-89,-31,4,-45,18,-71
-89,-61,-71,59,33,27
-89,-18,-61,130,40,57
-89,-39,-18,18,-38,170
-89,-50,-47,109,95,153
-89,-73,-89,6,-88,30
-89,-7,24,-144,44,162
-89,-11,-29,56,-56,-49
-89,-14,-27,30,93,9
-88,-34,9,50,-90,65
-88,-88,-82,102,-12,0
-88,-7,-75,-69,-46,-42
-88,-16,-40,-107,-5,149
-88,-41,35,-120,54,3
-88,-83,6,41,-39,3
-88,-35,24,-123,54,120
-87,-28,18,156,22,-163
-87,-59,2,91,89,-44
-87,-12,-69,-138,118,-73
-87,-11,16,-59,14,2
-87,-40,34,-92,79,-48
-87,-46,-13,150,77,26
-87,-39,-43,48,-41,-19
-87,-39,-82,-53,-94,-125
-87,-35,-23,25,77,50
-87,-69,-16,-61,-72,-86
-86,-75,-24,-81,117,141
-86,-79,-74,79,0,-112
-86,-19,-13,-36,-21,-56
-86,-54,4,-164,59,-88
-86,-54,-41,-133,82,148
-85,-84,0,117,-76,60
-85,-75,-6,-55,41,64
-85,-52,-6,-34,26,-135
-85,-63,20,-77,111,-39
-85,-57,-81,-170,93,64
-85,-47,-47,-85,11,-25
-85,-64,-15,136,59,-142
-85,-75,-84,104,-92,-34
-85,-21,-3,-123,55,121
-85,-38,-71,-63,-60,-42
-85,-88,-8,-121,-76,62
-85,-17,8,-121,119,-20
-84,-61,-50,-35,-3,129
-84,-64,-88,-154,-65,-63
-84,-60,-48,-127,-81,-10
-84,0,6,-127,-71,71
-83,-13,4,-130,91,76
-83,-13,-59,72,42,45
-83,-74,18,45,-44,-17
-83,-27,12,12,25,42
-83,-86,23,74,94,49
-83,-46,-90,153,-41,16
-83,-78,-41,-36,34,-125
-83,-42,-33,99,-93,156
-82,-2,-38,146,23,87
-82,0,-79,46,11,160
-82,-17,-4,-60,-60,-12
-82,-52,-42,-170,116,48
-82,-33,-57,8,55,-83
-81,-36,16,128,-14,95
-81,-89,-73,113,-14,113
-81,-53,-89,-100,102,104
-81,-85,-28,141,86,22
-81,-17,26,16,55,128
-81,-39,19,72,-55,-178
-81,-29,11,76,-22,-154
-81,-84,-48,-38,19,50
-80,-60,-62,-58,94,-49
-80,-56,14,-98,-8,97
-80,-30,13,-157,114,131
-80,-80,-65,-145,-62,140
-80,-67,-12,-3,-81,-4
-80,-51,4,-155,-41,23
-80,-43,-90,7,58,114
-80,-8,15,-57,-87,157
-80,-28,-7,165,-92,157
-80,-76,-4,111,59,30
-79,-34,-22,-177,16,-3
-79,-82,-66,151,-97,-146
-79,-17,26,138,121,149
-79,-85,-55,-24,6,-151
-79,-29,-53,114,102,115
-79,-21,-71,113,-84,30
-79,-39,-41,-127,25,-41
-79,-39,31,-68,-52,-102
-79,-35,-71,-156,112,-6
-79,-69,-47,114,-13,-109
-78,-89,24,151,-22,-45
-78,-58,-6,-154,53,22
-78,-13,-2,39,108,-148
-78,-76,7,-20,14,118
-78,-33,-63,48,-69,19
-78,-79,6,0,34,-26
-78,-65,-61,50,42,11
-77,-81,-86,-90,13,148
-77,-71,17,116,104,79
-77,-60,-88,65,-10,-34
-77,-39,-45,-138,107,127
-77,-30,-40,108,112,167
-76,-69,-67,39,25,-107
-76,-13,2,111,34,144
-76,-37,3,22,53,146
-76,-71,1,0,-3,98
-75,-47,19,-23,51,177
-75,-17,-25,-177,78,-76
-75,-10,-61,14,88,-64
-75,-56,-40,74,-85,143
-75,-5,-6,129,77,-20
-75,-75,35,61,123,-39
-74,-33,24,50,26,11
-74,-6,2,93,20,-160
-74,-33,-8,-51,83,-22
-74,-20,-58,-111,19,96
-74,-27,-35,-57,-56,-138
-74,-7,5,-59,-12,145
-74,-88,-85,-161,49,-116
-73,-28,-47,42,-5,178
-73,-43,-30,-21,-35,-157
-73,-9,4,150,-75,52
-73,-53,9,123,-51,68
-73,-68,-30,-52,-16,137
-72,-55,-82,-17,-55,165
-72,-4,-47,161,-8,79
-72,-17,-51,6,-7,-19
-72,-65,33,102,23,71
-72,-3,3,-8,96,175
-72,-66,-81,-60,110,147
-72,-54,19,19,72,-82
-71,-84,-66,45,115,-126
-71,-64,-21,173,51,125
-71,-25,-24,60,119,56
-71,-52,-29,31,72,-172
-71,-87,26,-118,-97,65
-71,-25,4,-84,30,-170
-71,-40,-46,167,68,-74
-71,-17,-70,49,-46,-49
-71,-13,-24,-35,-13,-38
-70,-77,-1,-162,-33,107
-70,-83,-19,-59,-37,-158
-70,-7,-29,-59,47,18
-70,-73,-12,180,73,-30
-70,-76,-81,-31,84,78
-70,-48,-72,121,-63,-36
-69,-82,-18,17,66,102
-69,-61,-86,-107,71,139
-69,-20,-73,37,88,90
-69,-83,-23,-132,-45,-69
-69,-15,-72,22,69,-178
-69,-43,4,-134,-11,128
-69,-46,-76,-60,116,98
-69,-61,-26,81,51,-65
-69,-77,-35,84,119,0
-69,-24,22,-118,22,-15
-69,-79,-28,30,32,-7
-69,-72,22,177,4,-60
-68,-54,-3,78,-90,-176
-68,-26,-73,58,117,-167
-68,-84,-24,71,17,103
-68,-42,-77,15,47,71
-68,-52,35,92,48,-54
-68,-23,-79,-89,43,105
-68,-86,-13,-76,15,25
-68,-31,-75,87,-40,-3
-68,-44,-79,91,34,-139
-67,-42,-44,-105,-26,124
-67,-59,-83,-130,72,-42
-67,-88,1,65,3,158
-67,-55,-59,50,-87,-164
-67,-27,-60,17,81,-94
-67,-41,-33,138,73,-14
-67,-39,-11,68,44,-16
-67,-36,-8,-179,-13,36
-67,-41,-30,-105,-73,-129
-67,-49,-10,137,26,-93
-67,-1,-84,-35,69,103
-66,-22,-38,-109,76,50
-66,-27,-62,-16,118,119
-66,-27,4,-158,103,-138
-66,-10,-59,-91,121,129
-66,-85,-56,-175,-48,-130
-66,-46,-19,-120,-74,53
-66,-77,-77,173,12,-43
-66,-43,35,-28,3,-89
-66,-8,-73,112,101,-40
-66,-34,-14,112,-59,-102
-66,-79,-77,-145,51,122
-66,-4,-53,-105,-22,4
-65,-2,19,1,110,-154
-65,-50,-45,-26,76,-160
-65,-80,-87,105,-34,-37
-65,-14,-77,9,-33,-74
-65,-24,-87,-103,90,-20
-65,-20,-90,33,112,-162
-64,-47,-19,166,96,89
-64,-33,-74,131,99,-10
-64,-87,-39,45,27,-137
-64,-77,24,164,34,-43
-64,-3,-62,-78,-14,58
-64,-10,22,-6,-52,18
-63,-64,24,-65,77,94
-63,-36,-7,133,94,72
-63,-51,-39,134,-9,29
-63,-9,-29,-32,90,-33
-63,-45,-49,102,13,63
-63,-41,-23,128,-46,-153
-63,-74,-46,-63,122,120
-62,-40,-18,10,89,139
-62,-60,-41,-151,88,-22
-62,-66,-10,-92,92,145
-62,-62,-20,23,-45,120
-62,-30,-84,65,-95,114
-62,-54,-39,-161,34,40
-62,-61,-19,154,49,-68
-61,-51,-64,-65,-21,-129
-61,-80,-35,-103,99,-35
-61,-82,-27,-101,-67,-7
-61,-48,-24,-6,7,-7
-60,-10,-66,-109,12,-132
-60,-86,-68,60,18,180
-60,-79,-80,-75,-26,-173
-60,-19,32,-97,10,-163
-60,-47,3,103,-69,86
-60,-32,-38,61,80,-29
-60,-47,15,-64,-53,123
-60,-72,-90,73,27,129
-60,-66,-62,-74,-15,91
-59,-66,15,134,80,129
-59,-24,-5,125,70,-134
-59,-79,-58,-123,-7,-47
-59,-68,33,22,99,36
-59,-70,33,-85,95,-173
-59,-79,-82,67,-91,-172
-58,-57,23,-93,-48,15
-58,-64,15,134,-94,71
-58,-79,15,-173,78,92
-58,0,21,-134,-4,-108
-58,-5,-58,171,24,-20
-58,-8,-50,-12,-79,87
-58,-10,-32,-53,-17,65
-58,-87,16,-161,24,113
-58,-10,-37,-74,55,2
-58,-86,-20,-128,95,158
-58,-61,33,-111,24,142
-57,-50,8,32,-13,-5
-57,-45,33,-35,92,33
-57,-13,-65,105,-67,-40
-57,-74,-73,40,-96,74
-57,-1,-69,-5,-29,-117
-57,-77,-27,-61,-14,-51
-57,-21,-17,36,86,-90
-57,-77,-86,0,27,-17
-57,-65,-44,127,43,116
-56,-9,-42,155,112,150
-56,-15,-85,144,-46,-73
-56,-84,6,-51,113,-14
-56,-48,-72,109,-60,92
-56,-61,-36,-8,-56,-121
-56,-70,-56,-107,-1,153
-56,-40,29,42,-38,164
-56,-27,-36,76,-49,-1
-56,-62,-45,-149,-35,-70
-56,-53,-2,-37,31,-81
-56,-84,19,-169,-76,-120
-56,-35,-66,-149,80,93
-55,-20,-29,19,34,-12
-55,-11,-64,5,117,-118
-55,-62,-20,61,48,172
-55,-85,8,5,-23,78
-55,-31,-61,119,58,-53
-55,-75,10,96,-59,-94
-55,-47,-38,-43,-63,-49
-55,-15,-53,142,-66,-23
-55,-51,-11,107,35,-170
-54,-54,-57,-56,-54,29
-54,-1,-61,-1,-55,135
-53,-67,-52,153,89,62
-53,-36,-6,177,58,64
-53,-66,-20,122,-11,-128
-53,-65,-39,-160,86,158
-53,-15,-32,52,18,58
-53,-78,-1,-96,58,94
-53,-78,-13,114,-79,-81
-52,-80,-31,144,105,-13
-52,-53,-17,-81,102,-42
-52,-22,-52,-110,-49,-56
-52,-71,-42,11,31,20
-52,-32,-43,120,15,-31
-52,-8,-63,-105,-88,-118
-51,-76,14,-31,-67,9
-51,-80,-87,-21,101,113
-51,-50,-13,-128,-28,116
-51,-55,-73,161,93,-79
-51,-16,-44,115,101,-59
-50,-86,-85,-20,-25,-98
-50,-65,-75,-76,61,-3
-50,-63,34,-167,-12,-139
-50,-42,-3,95,-76,-48
-50,-73,-53,-168,73,-170
-50,-55,-67,-23,-65,-84
-50,-67,2,-70,104,108
-50,-59,-69,29,112,-134
-50,-72,-49,147,105,-96
-50,-36,-56,1,-7,-48
-50,-48,17,140,59,-107
-49,-29,-29,168,-83,-103
-49,-14,15,-148,-28,75
-49,-84,-65,18,56,59
-49,-35,-13,-97,-50,113
-49,-80,1,93,-93,27
-49,-45,-69,171,-47,142
-49,-39,-79,178,83,-158
-49,-78,-54,-88,-52,97
-49,-67,-37,163,8,130
-49,-90,35,148,110,-51
-49,-16,32,-93,80,146
-49,-3,20,-165,25,-179
-48,-11,-71,-141,103,85
-48,-64,-12,-113,-96,76
-48,-12,-79,-48,39,85
-48,-66,9,167,66,53
-48,-78,-19,14,44,-62
-48,-12,-67,-48,-16,72
-47,-89,-3,-83,108,-98
-47,-52,-13,-162,16,76
-47,-19,-5,-59,-15,-13
-47,-69,27,-177,-20,5
-47,-48,1,76,-24,155
-47,-11,-66,-41,-87,143
-47,-80,5,-135,-6,131
-47,-40,-63,92,-25,-147
-46,-29,-10,103,23,-83
-46,-84,34,-112,49,-84
-46,-44,-6,9,-25,-87
-46,-51,-15,-50,17,144
-46,-83,-42,53,95,-75
-45,-43,-22,126,48,91
-45,-39,14,50,-78,-117
-45,-49,-71,67,55,-62
-45,-85,-4,170,-18,-101
-45,-90,-34,-23,-54,126
-45,-23,-85,-20,-84,-122
-45,-46,-85,124,7,-102
-45,-53,-66,100,25,-74
-45,-82,10,91,86,4
-45,-37,0,178,-84,-23
-45,-18,3,149,-35,-47
-44,-54,-29,75,80,-114
-44,-43,-4,22,-32,-112
-44,-47,-50,99,-10,-50
-44,-35,-48,-13,48,-63
-44,0,16,121,7,-45
-44,-34,1,-109,-87,70
-44,-77,5,-71,63,-71
-44,-81,-46,109,-59,149
-44,-40,-28,-161,-81,55
-44,-10,-25,-134,-17,-132
-44,-82,10,37,-69,-88
-44,-51,-75,-119,47,-143
-43,-64,2,169,-46,87
-43,-64,-87,31,-80,110
-43,-87,-69,100,45,114
-43,-43,-59,-2,114,-70
-43,-22,6,-36,19,-63
-42,-79,-48,-140,38,96
-42,-49,12,-115,-85,122
-42,-60,-22,-172,-100,-160
-42,-17,2,-57,26,-17
-42,-90,-54,-124,-93,-118
-42,-71,29,33,-36,-81
-42,-75,-75,-148,56,115
-42,-53,26,-44,23,32
-42,-15,-11,-49,60,59
-42,-80,-5,122,-75,-40
-41,-20,-70,-153,-15,-9
-41,-66,-21,-129,48,67
-41,-47,-53,51,-9,-48
-41,-29,-28,-5,41,-59
-41,-29,-40,96,41,21
-41,-60,-2,-109,75,87
-41,-74,-29,-101,38,-151
-41,0,-72,79,104,-152
-41,-76,-28,179,105,-109
-40,-50,-76,-152,-16,153
-40,-6,-33,166,22,-106
-40,-3,24,2,82,-168
-40,-24,-4,-101,-25,114
-40,-13,25,-143,-38,74
-39,-57,-54,-12,-77,69
-39,-20,4,31,-88,-90
-39,-34,7,10,62,-150
-39,-55,-71,-64,10,21
-39,-17,21,71,115,57
-39,-64,-32,2,85,167
-39,-70,-74,114,49,-121
-39,-24,-14,-161,81,-27
-39,-56,-29,-119,-77,100
-39,-54,-71,-29,-80,31
-38,-42,-83,-152,72,-70
-38,-69,-1,36,25,24
-38,-85,-87,-6,105,-154
-38,-66,-87,-31,46,137
-38,-62,-17,-40,8,-58
-38,-37,16,28,-41,81
-38,-11,-56,136,-74,91
-38,-68,-59,71,9,-170
-38,-67,-16,-168,124,-127
-37,-23,9,-91,-38,177
-37,-62,-69,-120,-96,-151
-37,-8,3,-59,-50,-69
-37,-82,-56,95,-26,27
-37,-10,-24,15,-35,167
-37,0,-37,-98,-91,-89
-37,-31,-59,-16,118,-47
-36,-34,-75,38,23,-147
-36,-35,-21,147,-31,83
-36,-47,-4,175,70,-14
-36,-47,-70,-7,-45,-46
-36,-41,-81,135,-64,61
-36,-40,-54,124,88,46
-35,-40,-32,-45,72,3
-35,-70,-75,-42,2,38
-35,-79,-14,-96,-88,-162
-35,-41,-29,-147,92,-116
-35,-86,16,14,-20,-162
-34,-31,27,-60,-92,54
-34,-7,-67,136,110,-69
-34,-27,-34,171,26,-160
-34,-42,-23,-163,122,177
-34,-57,13,42,-63,90
-34,-62,-57,105,11,-87
-34,-70,17,-133,-62,-21
-33,-13,-39,-60,38,-159
-33,-90,-65,-45,-79,0
-33,-82,8,81,25,-140
-33,-22,-72,-180,50,56
-33,-50,-70,138,19,50
-33,-90,-51,-3,-98,-97
-33,-71,34,3,67,-48
-33,-84,-72,46,1,3
-33,-60,-38,-30,55,-44
-32,-10,35,-25,39,92
-32,-18,-86,-126,-6,45
-32,-90,-63,153,36,124
-32,-87,-16,-62,69,-150
-32,-79,-13,152,47,140
-32,-56,15,-168,59,61
-32,-73,-90,-105,98,-16
-31,-65,-90,117,48,109
-31,-36,-1,-42,119,-14
-31,-78,-8,-159,-71,-76
-31,-53,-24,-81,20,133
-31,-14,33,106,23,-94
-31,-10,-28,-168,107,-116
-30,-81,-43,39,-1,-69
-30,-12,-61,86,-15,-142
-30,-9,27,145,85,-67
-30,-26,28,-18,35,-81
-29,-14,-66,-146,-72,108
-29,-31,-33,-144,-32,-27
-29,-40,-59,91,58,-135
-29,-81,-50,-178,-57,68
-29,-46,35,127,-45,-107
-29,-11,20,-73,-8,-171
-29,-41,-55,-108,-53,57
-29,-71,-88,77,-51,-118
-29,-23,-78,-98,-9,22
-29,-37,21,-33,-22,12
-29,0,-55,169,94,112
-28,0,8,-114,111,-168
-28,-68,-17,92,-32,135
-28,-17,5,-107,-80,2
-28,-19,-58,110,27,147
-28,-77,5,-166,121,108
-28,-15,17,-67,-37,97
-28,-22,-20,-30,46,-91
-28,-12,-75,140,49,-173
-27,-6,-10,-62,-99,32
-27,-30,-40,-116,105,29
-27,-25,15,58,10,134
-27,-51,33,44,-15,90
-27,-49,-55,150,81,-12
-27,-31,-55,124,-2,48
-27,-24,-10,-16,-78,90
-27,-58,-6,-4,54,-151
-27,-88,-5,-22,-40,29
-26,-76,-52,162,110,12
-26,-14,-28,-166,-56,171
-26,-69,-34,-95,-81,-11
-26,-77,30,-104,37,119
-26,-10,-22,-116,27,37
-26,-53,-62,-111,-92,142
-26,-75,-71,-19,-86,160
-26,-23,-8,175,105,-104
-26,-63,-27,4,6,122
-25,-63,-72,42,72,-17
-25,-63,-22,-102,-8,137
-25,-75,-16,-166,-72,-64
-25,-11,-79,-18,65,-142
-25,-23,-31,-134,115,-6
-25,-14,17,-4,-23,16
-25,-50,-15,70,-1,126
-24,-89,-85,111,17,-94
-24,-7,-63,148,82,35
-24,-21,7,-112,-64,75
-24,-61,20,-71,-97,8
-23,-29,-22,-106,-63,-5
-23,-82,12,45,19,-96
-23,-1,-49,102,-62,117
-22,-53,33,137,107,65
-22,-40,-49,-80,73,84
-22,-66,-13,22,-74,16
-22,-55,-81,-71,-99,135
-22,-5,-73,165,-5,-62
-22,-87,-62,59,104,-96
-22,-10,-4,2,-29,-73
-22,-73,-73,-116,-32,146
-21,-73,-76,85,-93,143
-21,-41,16,20,-27,-41
-21,-71,-88,94,43,32
-21,-36,-12,15,-45,-96
-21,-21,-55,-141,-89,-141
-21,-16,25,-74,-100,-67
-21,-79,-55,-78,15,126
-20,-67,-74,147,113,71
-20,-19,-30,-119,109,-23
-20,-68,25,-130,120,58
-20,-65,14,2,69,-167
-20,-52,-63,-104,13,133
-20,-38,-51,32,-30,120
-19,-53,-32,-152,-15,147
-19,-31,27,15,93,-106
-19,-31,-57,45,67,47
-19,-45,-65,-4,-54,-111
-19,-69,29,-12,-21,164
-19,-69,-11,101,-45,-120
-19,-38,21,-154,34,-86
-19,-86,-7,-32,112,95
-19,-22,34,118,-84,47
-19,-36,-20,-37,-6,43
-18,-16,-12,-158,116,115
-18,-23,4,-106,-93,-92
-18,-28,-89,84,72,-158
-18,-87,35,24,63,148
-18,-76,-32,150,92,135
-18,-64,9,-65,32,-163
-18,-34,-67,-178,-97,136
-18,-80,-80,-171,113,-133
-18,-70,24,150,19,116
-18,-78,-41,-115,97,-5
-17,-80,33,-46,-72,117
-17,-13,-59,69,52,-65
-17,-41,-42,77,27,-152
-17,-53,17,46,80,52
-17,-12,-74,-25,5,-169
-17,-82,15,41,-22,-74
-17,-1,15,29,89,10
-17,-26,-17,156,112,-34
-16,-46,7,121,69,54
-16,-69,-42,-26,53,73
-16,-40,31,76,-66,112
-16,-7,19,-109,12,103
-15,-7,-64,-161,20,-37
-15,-19,9,-40,-92,98
-15,-66,17,118,102,158
-15,-84,-90,-137,69,73
-14,-40,-46,-54,90,-111
-14,-47,-66,94,30,102
-14,-8,-24,-21,95,146
-14,-26,28,-9,-1,-11
-14,-27,-3,155,-36,-88
-14,-33,-83,19,-88,-41
-14,-20,1,168,-48,-157
-14,-77,27,36,-98,45
-14,-43,-37,180,2,-175
-13,-28,-36,45,-19,59
-13,-38,-43,-104,38,-71
-13,-20,-80,65,-26,-4
-13,-21,-81,8,-90,167
-13,-21,20,163,-86,72
-13,-59,-59,110,-28,49
-13,-18,-42,-125,-78,44
-13,-19,-17,125,3,151
-13,-24,0,-105,78,-101
-12,-15,-74,94,97,161
-12,-20,-78,-178,-69,96
-12,-13,-46,-51,-47,-120
-12,-75,-6,20,117,-105
-12,-5,-62,53,124,-118
-12,-41,-84,59,50,142
-12,-74,12,-64,6,53
-11,-8,-23,-28,19,103
-11,-38,14,4,-95,-17
-11,-29,-42,65,-20,47
-11,-21,-2,-44,-79,4
-11,-13,-25,-68,-80,91
-11,-23,-32,-14,42,61
-11,-58,10,-110,-69,-173
-11,-3,-88,27,58,61
-11,-9,-33,48,69,-139
-11,-49,-87,94,-98,91
-11,-49,-34,43,-22,37
-11,-21,-11,60,35,78
-11,-48,-4,126,-93,-139
-10,-10,6,-34,57,9
-10,-14,-61,63,32,43
-10,-44,-56,17,-50,91
-10,-50,27,55,102,64
-10,-63,-49,-26,45,3
-10,-65,-78,53,-54,-121
-10,-57,31,48,-81,110
-10,-80,23,97,15,-72
-10,-58,-53,66,-48,35
-9,-7,-17,177,-76,-32
-9,-73,-42,-171,87,87
-9,-23,0,-46,119,-169
-9,-78,31,2,-58,-25
-9,-76,-88,72,44,-137
-9,-51,-49,-166,-88,67
-9,-80,1,-153,15,160
-8,-77,31,164,-3,178
-8,-74,11,-123,66,99
-8,-18,-8,105,91,-143
-8,-48,-27,139,54,-42
-8,-87,-85,-165,97,-53
-8,-33,-8,81,-90,107
-8,-34,20,155,-33,81
-8,-50,-85,-125,-22,-132
-7,-84,23,-63,-45,28
-7,-54,30,152,66,60
-7,-44,-44,95,-100,-87
-7,-26,-74,30,86,68
-7,-86,16,-15,0,-86
-7,-27,-74,1,50,-149
-7,-60,-29,-113,2,99
-7,-20,-51,45,-3,33
-7,-29,-9,-1,-12,-45
-7,-64,21,34,-27,-180
-7,-20,-45,117,-33,-62
-7,-3,-82,130,-53,23
-7,-46,-49,-29,-88,-120
-7,-59,-55,-37,108,-86
-6,-66,-67,-38,93,-92
-6,-76,-38,130,-26,-115
-6,-24,13,-137,102,133
-6,-32,-28,119,-92,-156
-6,-8,-84,23,-62,-124
-6,-25,-59,-156,-41,-141
-6,-51,29,-142,-19,-69
-6,-56,31,69,94,53
-6,-12,-15,-153,99,-19
-6,-68,-89,143,43,-150
-6,-26,-34,139,-4,-86
-5,-49,-55,-99,-24,148
-5,-34,23,-89,-25,-116
-5,-71,-79,-110,73,67
-5,-55,-20,145,90,74
-5,0,-21,24,-56,57
-5,-13,2,23,102,-171
-5,-74,-66,-4,57,128
-5,-51,-88,-171,-93,180
-4,-75,-33,48,-66,136
-4,-25,-51,53,34,-103
-4,-40,30,78,-44,-122
-3,-16,-51,151,-16,-11
-3,-67,7,119,-20,-100
-3,-69,-71,94,-67,112
-2,-21,25,-77,-60,146
-2,-47,13,173,-24,91
-2,-6,-85,56,-91,-74
-2,-41,24,-80,-56,-163
-2,-81,26,0,-17,-75
-2,-90,26,-87,-94,-158
-2,-75,25,33,68,-76
-2,-62,-38,-114,-79,70
-1,-22,21,-78,48,59
-1,-79,-73,119,-34,-113
-1,-9,-48,-36,-54,-91
-1,-6,-90,163,22,-161
-1,-49,18,-89,-93,122
-1,-28,-37,171,120,-19
-1,-51,31,-10,108,139
-1,-63,-32,157,20,35
-1,-86,-65,2,-74,-67
0,-57,18,152,-45,0
0,-58,-27,34,-62,-65
0,-84,1,-122,97,-82
0,-30,13,65,73,-22
0,-64,24,-35,-94,-124
0,-46,-34,-110,57,-12
0,-6,15,132,-100,7
0,-76,-60,-20,51,97
0,-30,-58,165,99,57
0,-31,1,-110,-75,-83
0,-21,-30,160,-60,-109
0,-26,-25,96,55,-175
0,-1,19,21,90,155
0,-3,-47,-7,30,-144
0,-75,30,176,-27,-151
0,-68,-78,5,-46,-32
0,-86,-21,71,-52,-45
1,-90,-66,-18,-61,-126
1,-80,-58,-138,33,-125
1,-79,9,-173,-87,40
1,-76,-44,-145,0,104
1,-60,-13,-132,12,-18
2,-86,-61,-154,2,-28
2,-47,-43,-57,-96,-145
2,-70,25,-146,-16,107
2,-66,-32,21,-40,-139
2,-55,-39,-148,49,0
2,-67,-53,62,98,-150
2,-31,-34,139,100,32
2,-56,23,-8,-5,-25
3,-29,-3,-77,-45,178
3,-4,-50,-1,79,-63
3,-56,-41,112,43,89
3,-86,-1,130,93,165
3,-56,-36,104,-79,118
3,-34,11,103,57,-128
3,-34,14,13,19,-171
4,-54,-77,75,-59,4
4,-55,-65,51,-73,-20
4,-78,23,39,93,110
4,-60,1,-70,-24,-11
4,-67,-38,-39,24,-149
4,-25,-84,129,-61,-88
5,-22,-58,23,50,141
5,-16,12,-95,-72,136
5,-71,-30,59,124,155
5,-39,4,28,-44,126
5,-23,-68,-131,61,84
5,-11,14,175,71,-25
5,-16,-8,22,10,5
5,-54,-10,-127,76,92
6,-34,-50,-161,28,-128
6,-22,10,170,-65,77
6,-11,-19,-110,-64,174
6,-28,-89,34,39,-85
6,-74,22,-48,-91,-53
6,-30,-28,70,18,101
6,-49,23,-106,-98,-5
6,-20,-49,46,113,171
7,-46,-40,-102,86,-158
7,-51,-26,-66,-7,-170
7,-72,-44,-24,-10,150
7,-35,24,-76,21,-149
7,-49,-82,-62,94,-95
7,-59,-74,-26,-40,-129
7,-68,-57,-113,54,-157
8,-65,33,159,37,-47
8,-61,-1,-66,74,-139
8,-52,9,94,15,145
8,-59,-58,153,110,92
8,-21,-79,-44,71,-75
8,-70,18,166,-34,-55
9,-42,-43,-173,60,-13
9,-23,-35,-102,-58,72
9,-38,-55,125,-27,150
9,-40,-1,74,68,177
9,-71,-21,63,-94,149
9,-71,-85,-97,81,-97
10,-76,-77,75,106,-137
10,-55,-42,-65,-87,97
10,-75,-59,163,34,-12
11,-41,30,-34,-81,-74
11,-34,4,-55,31,171
11,-24,0,102,6,128
11,-48,11,109,85,166
11,-4,-5,-162,-100,-34
11,-3,-88,94,-12,-103
11,-60,-39,-171,9,0
12,-14,-38,-133,85,-135
12,-61,9,137,75,-82
12,-81,27,180,-56,112
12,-66,-54,131,55,-66
12,-52,-51,144,5,48
12,-63,27,-93,96,-25
12,-64,-20,56,10,87
13,-68,27,-130,-25,42
13,-67,-32,7,-95,-86
13,-36,-56,-91,-61,91
13,-45,-18,16,89,69
14,-50,-9,39,-18,-16
14,-66,-9,-167,22,-110
14,-73,-78,83,113,180
14,-51,-62,43,12,-9
14,-86,23,-157,-63,7
14,-62,-77,-142,25,55
14,-41,23,-166,15,113
14,-26,-84,-48,122,-72
14,-59,-22,-63,120,100
14,-87,28,137,28,-95
14,-14,-47,56,-32,-162
15,-45,34,-76,-94,80
15,-17,-79,64,-58,-129
15,-36,-57,1,90,159
15,-27,11,-75,80,-99
15,-63,-14,14,-24,-101
15,-31,26,134,39,-122
15,-73,13,112,40,135
16,-5,22,-180,111,-156
16,-42,-80,-21,28,-164
16,-87,-76,44,-96,-105
16,-80,-14,153,-90,176
17,-43,-4,161,-61,3
17,-31,32,-58,33,86
17,-40,4,92,-85,-138
17,-12,-60,78,-17,-25
17,-82,28,-6,-58,-21
18,-9,-3,117,96,-148
18,-71,-47,51,99,9
18,-47,29,159,-48,-166
18,-19,-51,-151,11,129
18,-65,-58,-51,119,163
18,-53,-81,74,112,27
18,-86,23,44,-20,20
19,-81,-21,0,27,-99
19,-14,-46,28,106,-61
19,-24,-32,-15,-56,-78
19,-88,0,144,84,-109
19,-50,-2,59,-59,114
19,-9,25,116,94,107
19,-28,-74,-32,123,33
19,-41,27,170,37,52
19,-51,-45,43,43,158
19,-45,10,52,19,8
19,-31,-34,-93,-93,-168
20,-86,-78,-165,-69,-33
20,-12,-71,127,70,145
20,-82,34,98,22,-59
20,-41,19,81,-79,-63
20,-34,-22,-129,88,-125
20,-31,-6,-3,-65,129
20,-69,-15,-165,39,-25
20,-8,35,111,7,150
20,-57,-45,-65,107,-165
20,-43,-34,-37,30,95
20,-84,-60,42,77,58
20,-75,-29,176,-52,42
21,-11,-5,-173,38,-27
21,-74,13,-33,50,89
21,-39,-73,-138,84,27
21,-40,-59,-171,-35,-69
21,-1,-44,-145,16,-67
21,-12,14,177,-79,83
21,-34,-55,-56,-66,155
21,-78,-87,-127,0,159
21,-19,11,128,73,142
22,-59,28,-24,82,6
22,-88,-76,-58,-84,-90
22,-75,-37,-83,-28,-21
22,-89,-48,-125,27,92
22,-24,-39,128,101,55
22,-75,8,1,20,62
22,-72,-12,-40,99,145
22,-35,-65,75,-38,-122
22,-19,-64,42,-34,59
23,-26,31,-119,-47,87
23,-52,-90,123,75,-37
24,-72,3,71,59,22
24,-52,-52,-49,-35,-154
24,-43,-9,41,24,-132
24,-52,12,54,-9,174
24,-56,15,112,-10,158
24,-57,-77,115,94,135
24,-23,-57,-126,13,-33
24,-80,-58,-62,-10,69
24,-79,-25,-55,85,24
25,-73,20,36,10,157
25,-69,-39,-97,58,-151
25,-78,11,-52,73,40
25,-56,24,113,68,78
25,-34,-88,-153,56,16
25,-63,-61,64,-78,-97
25,-36,12,78,84,-138
26,-72,-65,-135,40,0
26,-9,-4,131,51,115
26,-20,-31,50,-35,-122
26,-26,14,89,-29,64
26,-46,-63,-107,-25,111
26,-42,-43,-133,-71,-138
26,-77,-14,54,100,20
26,-58,-90,69,21,91
27,-79,-33,-71,95,-120
27,-88,-87,105,42,45
27,-20,-88,175,82,166
27,-80,30,-135,59,150
27,-69,-54,133,-6,-84
27,-86,-80,22,-86,-176
27,-73,11,113,19,-62
27,-21,25,-67,86,-16
27,-27,-52,119,19,153
27,-8,-41,5,2,-79
27,-80,-61,-50,-10,-72
27,-80,-65,-75,-7,-35
27,-82,-69,-65,-89,156
27,-31,18,-26,-68,174
28,-88,30,57,-68,15
28,-15,-52,100,-34,161
28,-44,-12,-153,61,49
28,-55,-10,-110,121,137
28,-70,11,-13,95,57
28,-71,-32,36,-38,5
28,-77,33,-176,14,-69
28,-28,-80,147,29,-83
28,-21,-27,-177,-33,-2
28,-34,-65,-32,124,48
29,-51,-13,-20,87,25
29,-10,-42,-180,-56,-126
29,-69,-46,57,-36,-138
29,-12,-1,-18,122,-69
29,-51,-5,-142,-55,112
29,-24,-52,-45,20,175
29,-9,-26,103,49,122
29,-46,-48,-12,-17,114
29,-42,-45,-164,-37,-58
29,-81,12,116,-66,-125
29,-67,-55,-86,-15,-119
30,-26,-11,-25,102,63
30,-36,25,-156,-81,151
30,-42,-68,56,-59,-62
30,-56,-10,96,-31,135
30,-47,-85,168,-65,79
30,-56,-10,33,-33,179
30,-14,8,-172,2,5
30,-78,-67,-29,111,63
30,-50,-74,-57,37,-170
31,-66,-17,-172,8,-6
31,-75,-24,161,0,-4
31,-61,-90,-155,-2,125
31,-65,-32,147,15,-53
31,-54,-42,147,44,-58
31,-89,-61,43,112,-28
31,-50,22,145,117,113
31,-87,-74,90,82,-168
31,-2,-33,-179,122,-155
32,-89,11,-54,108,-77
32,-13,11,129,73,123
32,-26,25,149,-25,-63
32,-21,-30,1,15,-85
32,-57,-36,129,21,66
32,-50,28,-71,57,169
32,-8,-30,-167,48,-95
32,-25,-86,-41,-92,83
33,-12,-13,-59,77,151
33,-3,-30,12,32,23
33,-14,-86,-103,-22,80
33,-37,13,39,53,-36
33,-82,-25,-108,57,156
33,-36,-40,136,-28,129
33,-54,-69,-71,7,-67
33,-41,16,144,-99,36
33,-81,-87,-71,120,32
34,-18,-19,60,56,-94
34,-39,-65,151,91,28
34,-41,-49,46,11,-92
34,-26,27,-8,62,57
35,-10,-29,102,15,162
35,-60,-35,23,19,156
35,-35,-89,-145,6,-152
35,-26,-21,-142,76,-173
36,-59,12,-49,51,69
36,-3,-27,-64,27,59
36,-69,-87,-112,11,-37
36,0,-58,-134,42,52
36,-27,8,147,106,-155
36,-24,-68,-141,20,-144
36,-13,-54,140,-54,-175
36,-65,-35,59,-79,47
36,-32,-44,-57,26,-150
36,0,22,6,60,-132
36,-85,-39,86,-7,-143
37,-31,-3,-98,-72,-147
37,-35,32,-7,31,-117
37,-39,-20,84,-54,157
37,-34,-13,124,32,-148
37,-77,3,92,112,54
37,-43,25,-73,-28,-154
38,-27,28,149,104,-62
38,-44,34,-110,-49,89
38,-9,2,83,3,64
38,-54,2,152,-39,65
38,-15,-7,173,-60,-55
38,-54,7,-171,92,73
38,-37,-5,151,-65,-135
39,-63,-27,-89,-99,148
39,-40,-72,-25,34,-140
39,-67,-36,-6,78,-29
39,-70,-17,18,-8,43
40,-40,-71,144,78,-78
40,-64,11,-128,-5,-122
40,-26,-79,52,65,-179
40,-22,-39,156,13,103
40,-59,-43,-120,11,-120
40,-44,-3,35,117,9
40,-65,7,62,-44,-15
40,-46,-73,-162,-32,49
40,-40,-11,-106,-8,-68
40,-60,-34,-6,-40,-1
41,-88,-45,55,-85,-96
41,-33,-11,63,-70,-57
41,-14,-57,-66,-40,89
41,-14,18,175,-77,101
42,-39,-59,-57,117,-93
42,-54,-37,176,-87,45
42,-1,14,-12,78,-42
42,-86,-26,-173,-79,160
43,-9,-55,-44,32,-81
43,-52,-6,90,53,30
43,-20,16,-49,-49,180
43,-30,-9,11,13,-139
43,-51,-29,-6,120,-171
43,-54,9,-135,75,118
43,-61,-38,-165,-61,128
43,-50,-87,-125,-50,-7
44,-11,-53,141,77,178
44,-50,-32,112,9,103
44,-31,-41,-179,93,-146
44,-6,-64,-105,-21,-40
44,-46,-73,-38,-41,90
44,-71,-45,-8,-46,-87
44,-22,23,-62,79,157
44,-1,-63,-110,45,33
45,-59,-21,179,62,-81
45,-68,-32,84,25,-10
45,-57,-35,105,6,91
45,-35,10,-118,119,-89
45,-27,-69,-169,-44,106
45,-46,27,62,31,1
45,-81,-90,-76,-55,168
45,-44,17,-68,-62,-112
45,-22,-44,29,85,-7
46,-81,8,-147,-77,21
46,-9,8,154,122,176
46,-17,-15,-5,102,10
46,-15,-78,19,-5,-107
47,-60,-48,-50,24,109
47,-46,-51,-167,63,-152
47,-8,28,125,2,-106
47,-15,-5,-135,85,13
48,-55,15,-77,-80,-116
48,-47,-5,-79,70,-117
48,-5,-70,70,121,82
48,-11,-42,136,-29,125
48,-46,-47,92,40,-123
48,-18,-85,64,31,4
48,-57,-70,44,30,-123
48,-46,-31,160,15,106
48,-45,-20,79,-28,-122
48,-70,11,-80,-96,-3
48,-24,-67,107,46,146
48,-47,-24,-121,-91,-122
48,-87,-67,163,19,171
48,-13,-45,169,96,118
49,-15,31,-160,-10,-157
49,-39,32,-91,-61,28
49,-27,-83,133,40,96
49,-81,-65,167,-81,85
50,-62,35,-172,87,68
50,-60,-40,-92,97,53
50,-76,-19,74,45,-171
50,-40,-56,155,-60,-41
50,-31,-6,-91,76,-92
50,-29,-45,-164,103,-153
50,-78,-43,-103,8,14
50,-7,-51,-67,-27,0
50,-23,-44,45,-54,-69
51,-89,-47,29,114,-56
51,-86,-89,113,-45,-129
51,-2,-27,160,-50,81
51,-70,-79,-79,-66,53
51,-78,-26,-81,31,-170
51,-32,-4,-167,-53,-17
51,-72,-68,-86,18,-144
52,-88,0,-109,115,-57
52,-83,-69,-77,-36,11
52,-16,-26,-48,-80,-111
52,-25,-77,-20,-64,164
52,-31,-44,20,122,-98
52,-43,-88,119,-13,-83
52,-20,-40,77,-70,-6
52,-6,-30,-26,-100,36
52,-4,28,-27,91,-140
52,-55,1,-97,-16,146
53,-87,-20,118,-33,41
53,-5,-75,94,80,-97
53,-43,-51,-159,34,-43
53,-88,-45,61,13,104
53,-49,-61,-82,-27,101
53,-89,14,67,62,-32
53,-2,34,-6,-31,-56
53,-57,-37,-149,-69,-179
54,-42,3,4,-10,-130
54,-7,-2,52,-60,90
54,-41,-73,84,-35,-156
54,-2,-73,-14,-18,-47
54,-74,-47,-147,80,-135
54,-89,33,-174,-5,-128
55,-1,-11,87,-53,135
55,-73,-69,71,-70,34
55,-48,-85,105,44,39
55,-83,-46,37,-98,145
55,-47,31,-71,36,124
55,-68,-13,77,56,-82
56,-68,-3,-162,47,-145
56,-75,-16,-34,-57,-107
56,-90,-42,-54,41,-66
56,-6,-9,153,26,67
56,-81,13,118,111,-113
56,-48,-27,3,-58,-29
56,-29,9,148,-71,-163
56,-44,-30,148,41,-95
56,-51,-26,108,-98,-19
57,-4,-21,-171,-85,-58
57,-31,-38,-81,-71,-89
57,-77,8,-89,-7,171
57,-9,-13,97,109,-78
58,-47,-16,156,119,23
58,-52,23,150,115,41
58,-21,-10,-56,-76,-162
58,-29,-9,158,73,-77
58,-88,-17,-151,14,-82
58,-60,-53,-62,-74,172
58,-36,23,139,4,-30
59,-45,-5,-73,-13,107
59,-53,26,-106,-25,-17
59,-39,-81,-84,-69,-105
59,-61,-85,50,-72,-130
59,-26,-75,-51,34,-12
59,-24,-83,48,15,-42
59,-47,-89,-25,-38,-135
60,-21,-22,-126,-84,38
60,-3,-87,-177,110,125
60,-30,-61,122,5,111
61,-30,-2,-11,71,82
61,-49,-76,-28,-69,98
61,-33,24,-80,-15,61
61,-87,-28,-164,7,130
62,-45,21,67,83,-159
62,-4,-10,55,77,-41
62,-49,-40,16,64,26
62,-63,-63,52,-88,-119
62,-43,26,147,-14,-172
62,-90,-51,-61,81,48
62,-45,-43,80,63,-158
63,-43,-33,123,-88,-63
63,-90,-27,-105,107,92
63,-8,-21,91,-81,0
63,-70,-69,98,105,74
63,-31,13,-162,25,-123
63,-64,-1,176,-22,-51
63,-5,-79,-50,-48,105
63,-88,-36,-81,20,165
63,-37,-37,10,117,-58
64,-15,15,-16,8,-100
64,-46,-87,-1,104,-71
64,-30,-76,-33,-37,-112
64,-15,-65,179,40,162
64,-21,29,31,-31,157
64,-34,31,56,13,15
64,-65,29,87,42,67
64,-42,-48,37,123,70
64,-28,-9,135,-4,-9
65,-23,-87,-77,-3,-35
65,-46,-66,-18,-13,141
65,-85,-60,-9,57,-42
65,-16,-19,164,-9,-152
65,-34,-33,-108,-18,-69
65,-8,-79,-47,-52,71
65,-57,-60,-82,71,69
65,-84,-35,-162,-70,-29
65,-5,13,-155,82,94
66,-69,-68,50,44,-85
66,-79,-61,169,100,7
66,-62,25,114,52,-84
67,-59,24,97,37,106
67,-41,-81,-6,24,133
67,-8,-49,43,-71,174
67,-71,31,5,122,13
67,-78,16,10,12,135
67,-44,-23,80,-54,103
67,-44,-58,-157,-32,-65
67,-13,7,169,72,141
67,-5,33,95,110,-81
67,-45,-69,72,-10,-117
68,-45,16,-100,116,25
68,-56,-32,-80,-91,56
68,-26,-22,-122,-80,-35
68,-33,25,122,-17,-3
69,-56,29,129,47,38
69,-29,29,-108,-93,-51
69,-22,-88,180,63,-61
69,-20,-89,89,74,178
69,-20,18,-45,-30,-168
69,-27,2,38,18,-126
69,-80,-18,5,6,75
69,-77,-30,-78,-98,-164
70,-52,-14,-45,74,-162
70,-42,8,-180,110,64
70,-81,-84,53,-50,-25
70,-68,-4,9,-33,-138
70,-68,-78,106,12,108
70,-54,-45,85,67,-90
71,-7,-54,-174,-53,-59
71,-74,2,74,-72,-20
71,-8,-66,131,-87,58
71,-23,-25,-75,-25,-89
71,-50,-50,-82,-57,-85
72,-26,-67,-98,-1,-135
72,-26,21,128,85,-94
72,-46,-23,8,-69,80
72,-38,-86,172,11,27
72,-57,-71,156,17,-149
72,-67,-23,-164,3,115
72,-32,24,-87,-26,-90
72,-18,-23,-142,-22,80
73,-36,25,-13,90,-31
73,-37,0,-43,-84,0
73,-78,-10,-81,-71,81
73,-74,4,159,105,-58
73,-11,-32,180,114,131
73,-41,-31,175,61,94
73,-61,-53,-139,72,-173
73,-75,-33,72,-45,73
73,-70,-13,46,48,0
73,-3,-33,-78,-96,24
73,-85,-72,124,-8,-112
73,-8,34,-158,-8,49
74,-81,19,-27,-94,-58
74,-63,-69,125,52,-10
74,-38,-32,75,-28,-23
74,-44,-11,41,56,27
74,-40,-54,-4,99,-179
74,-51,-30,-71,26,6
75,-86,-10,-134,-78,-142
75,-17,-45,163,-27,-128
75,-13,9,171,-11,13
75,-89,-4,-140,9,-36
75,-32,18,-43,35,-53
75,-21,-71,110,114,-107
76,-23,-56,89,-71,-46
76,-8,-46,-94,57,88
76,-36,26,-28,122,169
76,-63,17,-152,-97,-48
76,-85,-88,-116,-19,59
76,-16,-77,29,120,100
76,-30,-22,-34,71,168
76,-74,15,44,-72,-63
76,-41,-11,133,40,32
77,-3,-30,56,106,15
77,-16,-63,-104,-29,-52
77,-62,15,164,-55,114
77,-36,-86,-152,-15,124
77,-76,-26,180,75,-2
78,-72,5,-136,-53,146
78,-21,-54,-30,-91,-50
78,-30,-63,152,91,-54
78,-3,13,-46,-10,15
79,-42,8,107,120,-123
79,-43,24,-85,30,134
79,-54,-72,156,-51,-119
79,-9,34,22,74,157
80,-76,-18,92,-70,-147
80,-20,-37,-127,-4,109
80,-53,-83,155,28,-68
80,-6,-80,-5,-78,150
80,-56,-30,24,97,-80
80,-58,2,159,-32,117
81,-12,-87,-117,66,-114
81,-61,-18,-51,-37,-44
81,-59,11,31,-92,54
81,-35,-89,-132,-52,103
81,-57,-52,99,-32,36
81,-31,-66,108,15,114
82,-72,-52,-155,42,-93
82,-22,-12,28,54,-77
82,-89,0,35,62,-107
82,-54,-89,-173,-31,-121
82,-78,-79,-125,-79,-6
82,-30,-26,175,14,-115
82,-75,34,-148,76,-122
82,-29,-83,136,95,58
83,-11,24,-147,60,-110
83,-43,-69,130,-93,101
83,-49,-87,29,21,160
83,-61,-68,2,12,167
83,-54,-79,-140,36,162
83,-87,-4,117,-57,-137
83,-46,-50,146,-2,-128
84,-49,-67,-89,104,135
84,-51,-1,-87,-50,-33
84,-48,-79,-118,-32,-13
84,-67,-76,180,65,-128
84,-7,29,11,-95,-128
84,-24,-23,161,-55,-116
84,-25,-88,118,90,30
85,-79,-87,107,-64,55
85,-81,-42,174,-23,-106
85,-18,-77,-169,-65,-77
85,-71,0,17,27,-165
86,-1,-76,-120,-89,-177
86,-11,-6,-166,68,51
86,-48,1,-162,96,-122
86,-21,4,8,76,-83
86,-5,-6,-171,83,-54
86,-16,28,5,25,-36
87,-15,-57,104,7,-161
87,-17,-56,-62,2,-164
87,-76,35,76,-51,-125
87,-24,-53,-136,17,-39
87,-27,-45,-113,-53,161
87,-69,-33,-125,9,125
87,0,-37,-70,-75,-1
87,-7,-29,131,-14,12
87,-40,-53,172,5,-6
88,-87,21,161,62,-142
88,-55,-6,-40,31,121
88,-15,-88,103,43,82
88,-82,-9,-90,-8,-97
88,-74,32,165,-26,92
89,-65,-40,-150,-41,174
89,-20,10,-87,-31,82
89,-70,33,-161,65,131
89,0,-2,-35,-30,-106
89,-82,22,24,-36,-16
89,-29,11,35,100,-165
89,-6,-51,-129,-68,136
89,-70,-12,171,109,-63
89,-6,-29,-103,-19,-65
89,-17,-68,137,107,-163
89,-61,-2,-21,-84,-18
89,-49,-77,-92,57,140
90,-23,25,-115,23,-77
90,-70,12,166,18,136
90,-86,-88,-43,69,-116
90,-43,-39,50,-24,43
90,0,-47,81,20,104
90,-17,12,178,-27,29
90,-15,-77,-158,-9,18
90,-16,-22,-143,-1,32
91,-11,-62,-31,-85,180
91,-54,14,118,123,133
91,-18,-53,-22,72,-161
91,-28,-8,-132,-87,69
91,-72,-54,88,-76,-46
91,-66,29,-26,-10,-6
92,-54,4,122,65,-30
92,-72,12,-132,85,-9
92,0,-54,-79,106,11
92,-21,-38,25,95,175
93,-54,17,-32,3,-7
93,-57,17,-148,-57,24
93,-52,-80,-92,86,-5
93,-76,-68,61,-62,166
93,-58,17,-90,59,88
93,-43,-75,-119,-5,110
93,-36,-8,-35,-39,-171
93,-78,-60,0,-17,-129
93,-77,-8,-46,4,104
94,-43,17,-91,-19,176
94,-25,21,-98,-62,92
94,-53,-6,147,-7,44
94,-10,-58,130,98,-24
95,-77,-43,44,-11,172
95,-63,-3,-131,-41,61
95,-43,16,167,-36,61
95,-86,-11,-41,-34,15
95,-68,-7,43,-94,5
95,-64,-70,23,77,-26
95,-49,-81,-168,-11,-178
95,-78,-21,130,72,76
95,-22,30,-32,79,-122
96,-11,-4,92,40,-105
96,-26,-42,-139,-89,20
96,-8,-66,-110,119,-79
96,-71,32,87,70,17
96,-27,-77,-11,-50,-90
96,-66,0,-25,10,170
96,-29,-37,140,-38,147
97,-13,-1,142,82,105
97,-4,-17,-121,39,97
97,-84,-59,-96,40,-22
97,-39,-81,137,16,-132
97,-69,-15,-144,97,24
97,-20,-50,134,113,165
97,-20,-14,-49,-8,19
97,-44,-31,125,103,43
97,-25,-79,-83,23,-104
97,-83,3,24,-82,85
97,-49,-3,-21,-44,122
97,-53,25,-145,15,-120
98,-56,4,77,108,98
98,-11,-6,114,-46,139
98,-82,3,-22,45,120
99,-63,-2,59,-67,-158
99,-36,8,-177,-19,-141
99,-37,14,-45,-95,96
99,-76,-5,-82,-10,119
99,-25,-77,-70,-93,-5
99,-25,16,2,43,33
99,-6,-46,62,25,135
99,-51,-16,115,64,119
100,-34,-2,-120,-30,-80
100,-15,-6,128,-55,-160
100,-19,-82,36,65,-168
100,-56,-89,-57,-6,-51
100,-4,-45,-126,-18,-75
101,-54,-64,71,69,48
101,-13,-21,-154,-51,-115
101,-70,-21,51,80,153
101,-72,-88,-131,-71,-128
101,-86,-75,55,123,0
101,-11,-66,-129,107,118
101,-74,-16,180,-32,2
102,-56,-33,-151,121,-22
102,-72,-56,-79,10,62
102,-58,3,170,2,74
102,-79,-68,-1,-2,-12
102,-28,-79,91,21,19
102,-18,-80,166,49,61
103,-14,-88,125,21,8
103,-19,-82,100,68,-153
103,-8,-60,-150,-92,-99
104,-78,-20,-148,28,42
104,-8,-85,-158,-31,-83
104,-70,12,38,-52,56
104,-1,12,121,87,-168
104,-45,30,-24,-40,-103
104,-49,-49,3,101,-156
104,-23,-44,-76,84,45
105,-40,-52,29,-53,-167
105,-10,-83,-148,108,127
105,-77,-51,-97,59,-70
105,-7,-11,-7,113,-91
106,-80,-26,43,-78,2
106,-27,30,-129,-82,-45
106,-21,-54,-90,26,15
106,-52,-13,61,-58,27
106,-32,3,41,-79,-114
106,-46,-33,-137,2,105
106,-16,-67,107,-53,115
107,-37,-73,-172,-49,64
107,-54,-72,-19,123,111
107,-24,-79,96,-17,124
107,-60,35,137,105,98
108,-38,-14,-81,-3,154
108,-42,-48,-121,57,156
108,-61,-28,-25,61,161
108,-54,-88,-127,81,-34
108,-6,0,170,-68,127
108,-47,-80,121,4,158
108,-86,-8,-127,-87,-114
109,-22,-64,163,-45,-50
109,-66,-60,-145,-54,129
109,-30,24,-28,-71,122
109,-88,-6,108,-68,-94
109,-50,11,88,65,83
109,-4,-61,101,75,0
110,-25,-83,114,122,-22
110,-48,-19,-89,61,90
110,-14,-79,-64,-9,143
110,-61,-8,-72,4,140
110,-48,-24,-31,75,-52
110,-59,-4,114,-10,60
110,-7,-71,-87,24,-164
111,-87,-19,147,94,75
111,-53,-63,153,-95,51
111,-33,-42,93,-79,-166
111,-62,-9,159,87,13
111,-34,2,-37,-71,42
111,-58,-30,148,113,-159
111,-17,4,8,120,-165
111,-63,-77,29,97,-53
111,-19,7,96,9,-96
111,-20,-36,73,-31,82
112,-18,23,-34,-76,-47
112,-74,6,-86,-81,94
112,-12,-78,-24,44,-139
112,-88,-89,-180,91,-57
112,-90,-20,-55,42,66
113,-67,35,18,-67,103
113,-26,16,-136,-64,151
113,-43,-78,-12,9,167
113,-49,15,-116,-74,161
113,-78,-79,-79,-60,-105
113,-79,32,-142,59,6
113,-64,-54,138,109,116
113,-11,-48,-30,38,-42
114,-55,-26,76,-2,87
114,-41,-90,4,-91,71
114,-32,-4,50,-37,-156
114,-6,-2,0,114,17
114,-26,7,-31,84,-88
114,-88,9,38,24,-74
114,-71,-86,-95,-24,167
114,-18,4,124,-62,-153
114,-66,-27,7,94,127
114,-83,20,67,120,-37
115,-90,31,-96,-5,-10
115,-49,-20,-54,107,46
115,-73,-67,-96,-62,25
115,-20,-20,-17,23,107
115,-63,-22,-178,9,111
115,-22,-57,178,-86,59
115,-11,-83,126,27,-111
115,-9,22,-112,-17,-116
115,-19,20,73,66,17
115,-67,-24,2,106,86
116,-15,-33,-4,118,119
116,-46,-60,48,-28,-37
116,-73,-76,86,61,-149
116,-90,-31,132,-23,143
116,-14,-82,-42,-52,-174
116,-31,35,-130,-9,-74
116,-43,-54,88,38,23
117,-35,-76,178,-1,-108
117,-49,16,-115,86,-34
117,-26,26,-82,-11,150
117,-82,11,-55,-50,15
117,-89,-57,97,66,157
117,-44,12,112,80,-3
117,-31,-12,-55,-28,-165
118,-25,-17,60,89,18
118,-64,-53,-18,-19,-90
118,-10,-52,79,106,-68
118,0,31,124,-39,-73
119,-15,-86,-21,30,-76
119,-58,16,-26,111,-111
119,-23,-78,-63,-83,4
119,-4,-81,-42,-38,43
120,-65,-26,75,80,36
120,-60,-74,94,98,-98
120,-29,-11,151,58,75
120,-83,-47,41,-65,106
120,-89,16,140,-73,28
120,-21,-32,130,97,-80
120,-32,-32,-101,-57,50
121,-80,-14,103,123,139
121,-2,-61,-175,-8,-84
121,-85,-88,77,-92,-94
121,-19,-44,-27,75,-1
122,-26,-50,138,9,31
122,-75,-14,93,110,-170
122,-4,-46,47,-9,-97
122,-3,-90,4,86,110
122,-80,-32,113,95,-133
122,-46,15,112,-22,174
122,-69,-43,-42,-39,-82
123,-57,-37,28,-20,-108
123,-70,-65,-9,76,-171
123,-7,-34,-15,88,124
123,-88,0,-95,-24,75
123,-23,18,89,47,-124
123,-48,-72,-85,-99,-11
123,-80,-15,-173,-28,82
123,-16,-5,60,-70,-8
123,-20,-55,-78,-37,-94
123,-7,-23,-147,-100,-26
123,-77,20,-88,59,-137
123,-49,24,-37,-78,-32
123,-38,-51,-20,92,129
124,-39,-78,-176,102,-157
124,-82,-48,-122,53,138
124,-50,-86,-34,-21,-150
124,-40,9,33,-38,-66
124,-74,-52,43,100,178
124,-47,-43,-161,77,-152
124,-41,-87,-147,-86,122
124,-35,19,-127,16,138
124,-17,-84,30,12,-10
124,-30,-76,-85,124,29
124,-8,13,-9,-88,150
124,-48,34,-77,36,117
125,-29,-8,114,-6,58
125,-16,30,-3,-59,-12
125,-81,-10,18,-18,90
125,-38,15,15,91,100
125,-41,-17,73,36,43
125,-65,23,19,-15,17
125,-7,-69,-156,21,146
126,-79,-38,-31,-30,158
126,-59,34,133,-77,38
126,-36,-1,173,85,110
126,-88,-17,115,-26,-23
126,-21,-67,168,15,116
127,-16,-4,-116,0,-172
127,-78,-66,-96,-19,-163
127,-9,-38,-21,108,46
127,-79,-7,-29,-44,-6
127,-18,-81,-16,-26,-112
127,-54,-58,34,-7,148
128,-14,-74,-90,3,74
128,-56,-79,-49,-15,1
128,-83,28,-81,-19,40
128,-8,8,-118,-2,-132
128,-16,-38,73,65,110
128,-68,-34,180,-87,23
129,-10,-36,76,-28,72
129,-24,-1,-22,-6,-152
129,-31,18,-38,87,-102
129,-7,-50,-89,16,-59
129,-59,-50,-118,106,-26
129,-6,-52,19,-10,122
129,-24,30,92,-8,-35
129,-62,-38,-58,104,-153
130,-2,-65,163,-92,-95
130,-1,-4,-3,-64,-139
130,-7,-86,165,-13,-174
130,-38,13,78,121,-108
130,-46,19,-9,-11,11
130,-51,18,-166,55,105
131,-77,-89,155,-60,-107
131,-49,-57,107,61,-75
131,-79,-45,-46,-3,-104
131,-10,-58,59,-99,-173
131,-32,12,90,66,-30
131,-87,-65,147,-10,7
131,-74,-9,134,26,88
131,-17,-81,-65,-38,161
131,-80,-29,-141,95,-38
131,-27,12,62,14,-57
131,-18,16,-7,-18,-71
131,-2,-41,36,-39,70
131,-86,-20,-70,-96,74
131,-42,-78,67,45,87
132,-72,-36,-76,47,-54
132,-50,-22,41,-67,55
132,-45,26,-103,-64,118
132,-44,-14,42,49,94
132,-85,27,-31,-97,-133
132,-15,6,127,17,-64
133,-12,-86,9,103,-31
133,-40,1,-95,40,36
133,-81,21,-97,33,-42
133,-59,-18,-39,110,-88
133,-85,-14,-48,117,-80
133,-15,-64,41,-6,30
133,-68,-55,-6,89,-149
133,-49,-3,111,-90,-164
134,-80,-60,-26,106,103
134,-71,-84,-106,52,-165
134,-38,-39,-4,-47,-129
134,-44,0,12,108,-123
134,-76,0,-102,55,-25
134,-22,6,-31,-74,27
134,-21,-82,118,79,-178
134,-89,-47,133,86,-124
134,-80,29,126,28,111
134,-12,-30,56,16,-67
134,-55,-73,178,57,-29
134,-70,25,41,100,-17
135,-20,-33,71,-21,-162
135,-69,2,55,84,70
135,-88,-77,13,114,-154
136,-78,-86,-27,31,-89
136,-25,30,15,62,76
136,-82,-72,-66,-74,-169
137,-27,-19,-18,70,35
137,-63,-45,105,65,-11
137,-54,-44,172,-69,-72
137,-20,-22,-173,104,-34
137,-51,-68,35,-99,-89
137,-62,18,96,11,-56
137,-45,-85,149,4,-6
137,-71,-16,-78,52,-93
137,-86,-40,72,81,-119
138,-70,-21,125,94,-132
138,-30,7,-60,67,23
138,-22,16,-162,-82,167
139,-40,-58,91,-72,-26
139,-49,1,175,54,11
139,-49,22,-25,10,74
139,-30,-52,50,113,155
139,-10,-9,-120,36,137
139,-58,30,58,-11,-30
140,-41,-73,-78,-79,-96
140,-52,-61,-54,-88,-172
140,-19,-82,-53,118,127
140,-57,34,-158,-51,-93
140,-10,-41,39,84,88
140,-66,-62,-118,-37,25
140,-27,0,-56,13,-152
140,-55,-10,-99,-55,24
140,-73,-43,-153,36,-152
140,-53,22,45,76,-91
140,-33,-89,60,91,28
141,-33,-73,161,59,16
141,-86,-54,75,-4,-33
141,-29,23,-139,-40,68
141,-35,9,25,-6,-150
141,-47,-45,179,35,-47
141,-15,27,-139,25,175
141,-27,-33,19,-65,14
142,-21,-15,-54,65,-58
142,-90,-3,-31,-67,-161
142,-84,7,174,-3,-45
142,-8,34,-23,110,180
142,-11,-27,39,58,24
142,-11,-41,160,20,-53
142,-8,-64,136,54,-164
142,-86,-72,-45,66,-32
142,-46,-61,-126,51,147
142,-71,-47,141,98,-154
142,-68,-87,68,118,-70
143,-48,-70,-169,-58,139
143,-20,-42,-88,-95,130
143,-73,12,30,108,-24
143,-9,27,120,72,63
143,-19,-12,30,-19,-91
143,-9,30,40,16,-17
143,-38,-38,-75,54,25
143,-30,-46,-149,-76,-35
144,-23,-16,66,-24,3
144,-57,2,35,52,105
144,-24,-34,-11,9,-99
144,-9,-11,-172,22,-80
144,-24,-17,130,7,-52
144,-56,-75,-71,107,-127
145,-47,-13,140,55,176
145,-4,-38,103,-70,95
145,-3,22,-99,43,114
145,-65,19,-32,52,34
145,-32,-90,154,-87,29
145,-7,-82,74,104,-125
145,-17,-18,5,28,-3
145,0,-35,24,-13,12
145,-50,-9,76,95,84
146,-56,-57,68,92,4
146,-17,-50,142,3,-85
146,-70,-48,-91,11,78
146,-77,-2,114,69,122
146,-27,-84,62,95,27
146,-9,19,-83,5,5
147,-67,-23,118,-39,-124
147,-36,-68,27,14,-5
147,-71,-60,88,74,-14
147,-70,30,32,-21,56
147,-9,-32,153,63,29
147,-21,-42,-177,86,164
147,-18,3,114,-60,-69
147,-54,-46,17,-45,-163
147,-90,-30,-135,-51,-128
147,-86,5,-47,-24,-88
147,-29,-75,146,40,-72
147,-66,-33,-46,19,62
148,-50,31,-128,-91,30
148,-71,-13,97,-87,177
148,-9,-61,-141,-43,73
148,-52,-55,-13,111,118
148,-48,-12,63,44,-80
148,-34,1,-5,79,-90
148,-50,-86,-177,35,-120
148,-34,4,176,-42,-136
148,-50,30,-92,-88,-82
148,-14,-73,173,-75,0
148,-21,33,12,78,145
149,-29,-35,160,-75,137
149,-22,-21,-131,17,173
149,-8,-62,-13,53,-114
149,-21,-3,48,89,-101
149,-2,-53,-133,-84,-21
149,-73,10,-142,110,-30
149,-62,-67,-90,-57,31
149,-57,6,-44,37,-107
150,-29,-70,16,-16,70
150,-24,34,22,-64,111
150,-60,26,35,-40,51
150,-84,17,86,-73,-111
151,-70,-19,107,-17,-11
151,-64,4,-98,83,-150
151,-28,-89,-96,82,0
151,-80,26,-177,-45,11
151,-86,-64,-42,0,98
151,-85,-64,21,103,-49
151,-55,-3,-151,-27,144
151,-35,-72,7,2,-156
152,-4,-38,127,32,178
152,-66,28,180,44,-1
152,-44,7,90,-20,156
152,-14,24,120,-73,-155
153,-40,6,150,-55,152
153,-44,29,-5,32,109
153,-54,-10,-57,18,168
153,-37,-70,-101,-69,-132
153,-48,-13,153,-8,51
154,-4,19,175,13,160
154,-73,-66,52,-10,-37
154,-46,-44,110,94,91
154,-90,-44,90,-55,-168
154,-70,-11,-152,120,-61
154,-30,16,49,90,-109
154,-24,10,-78,-58,68
155,-29,23,101,-13,-145
155,-57,-7,163,-51,-26
155,-64,-46,-164,-39,141
155,-3,-58,177,-9,-116
155,-37,-24,176,-59,-10
155,-22,1,-16,-65,105
155,-20,3,62,-94,-2
155,-36,-67,179,67,114
155,-37,35,162,-10,119
155,-2,-62,-113,-41,-158
155,-18,-59,-18,-9,131
155,-51,34,-147,44,84
156,-57,-45,-133,15,4
156,-1,-39,-63,59,110
156,-31,-81,49,-24,70
156,-64,-63,170,-82,-124
156,-23,4,1,-1,122
156,-69,-58,-166,-60,70
156,-89,21,80,-72,-64
156,-81,-85,81,80,-132
156,-71,-30,-29,123,-103
156,-68,16,-126,-24,58
156,-21,24,155,106,94
157,-20,-63,-109,29,7
157,-30,-19,-66,-69,-79
157,-59,-1,121,61,-13
157,-24,-19,107,31,-111
157,-56,11,-64,74,-175
157,-72,28,-106,25,63
158,-7,-59,-29,66,-42
158,-69,-78,-83,12,150
158,-12,-24,-31,-29,-1
158,-89,-61,114,-77,104
158,-76,-23,54,-19,51
158,-61,-29,-106,-85,27
158,-63,-50,171,-76,-124
158,-27,-59,-51,-45,-60
159,-22,35,-94,78,-54
159,-35,15,107,-76,-18
160,-55,35,160,-25,14
160,-89,-55,22,90,-112
160,-22,-59,38,91,4
160,-39,-16,95,96,29
160,-38,22,151,-35,-1
160,-8,-24,-139,46,154
160,-71,-29,-59,124,14
161,-47,11,50,6,11
161,-36,26,87,113,-25
161,-13,9,169,-28,-127
161,-8,14,-113,4,54
161,-12,-40,-130,-68,-14
161,-88,-31,-99,13,87
161,-68,-77,77,15,22
161,-9,6,47,-49,-63
161,-30,-78,68,-98,-80
161,-60,20,41,-64,-147
161,-20,-24,52,-66,28
161,-50,-60,100,-40,-167
161,-30,18,-90,107,-1
162,-32,-10,93,69,142
162,-9,-72,-100,-36,-36
162,-4,26,65,-48,-47
162,-17,-25,-67,-89,44
162,-55,23,-162,59,-104
162,-49,-41,88,105,4
163,-22,-57,58,-60,134
163,-79,8,74,66,-167
163,-47,34,38,113,-53
163,-51,-39,-8,-67,-170
163,-67,-8,136,39,36
163,-5,-5,98,64,74
163,-22,32,10,-29,65
163,-88,-43,-150,-7,101
163,-15,-6,-40,94,-103
164,-90,-39,176,4,-31
164,-22,8,-39,-65,94
164,-90,30,-31,112,-97
164,-21,22,-1,54,138
165,-90,-73,85,19,-35
165,-90,-2,-116,-2,82
165,-18,16,22,23,-54
165,-87,-29,106,100,144
165,-4,35,-45,51,-66
165,-69,-55,127,48,-105
165,0,-21,84,39,-6
165,-89,-24,-23,43,139
165,-85,-32,83,100,134
166,-17,-68,45,124,124
166,-6,-53,59,57,-126
166,-20,-48,-132,103,173
166,-86,-41,111,-40,-141
167,-15,-68,-107,98,-136
167,-53,-89,64,-82,-49
167,-65,-74,155,48,-11
167,-53,-6,147,-66,109
167,-22,-7,-76,-57,146
167,-63,-2,176,-80,-152
168,-76,13,117,-37,32
168,-8,-85,32,-89,150
168,-83,-77,159,21,108
168,-32,27,-162,79,87
168,-10,-4,71,-29,-88
168,-16,25,-179,-33,63
169,-64,20,113,-3,6
169,-58,-21,-7,-66,-160
169,-70,-75,17,-23,64
169,-65,3,102,122,-7
169,-88,-78,-19,-24,7
170,-90,-74,-5,103,3
170,-49,21,-15,17,46
170,-8,-29,174,38,-71
170,-60,-76,-23,-49,153
170,-26,-90,-69,68,147
170,-52,-13,101,97,35
171,-46,-81,179,-89,149
171,-40,-32,-30,-75,-59
171,-84,23,63,-99,-62
171,-15,-5,172,72,26
171,-46,-45,17,6,86
171,-70,31,165,69,-175
172,-32,-69,-36,-67,80
172,-66,-34,16,40,-112
172,-40,2,80,-48,-118
172,-43,7,97,-43,121
172,0,-56,-41,34,-55
172,-23,-53,70,12,1
172,-39,-61,-159,-74,-69
173,-57,-26,-95,-71,-141
173,0,-77,-4,29,-62
173,-28,-72,-112,-66,91
173,-74,-82,70,118,15
173,-67,-9,-154,3,0
174,-78,-15,-65,-36,-36
174,-54,-2,-138,-93,-42
174,-74,29,111,-12,163
174,-59,-6,-7,82,138
174,-17,-21,43,64,-32
174,-49,32,64,109,-9
174,-47,-76,-147,-33,-32
174,-52,0,-26,59,137
174,-19,-16,37,80,148
175,-56,-84,71,-73,-56
175,-50,29,20,-59,165
175,-31,-26,-66,25,-58
175,-45,-57,-103,1,-2
175,-52,-1,-104,23,26
175,-69,-80,147,84,29
175,-23,-60,106,-67,-123
176,-48,-33,-37,114,-146
176,-14,-35,-96,-28,-84
176,-72,-18,0,112,-101
176,-41,-16,-155,-10,-146
176,-79,-88,-37,2,129
176,-1,-2,-175,-65,32
176,-75,-87,36,75,17
177,-77,-15,-150,110,-115
177,-50,34,117,-29,-89
177,-89,22,24,24,-63
177,-53,-77,-125,76,-82
177,-20,10,-28,121,-17
178,-12,-84,-81,67,-97
178,-17,-33,-124,-58,155
178,-28,5,1,-49,76
178,-6,-41,83,-25,72
178,-19,-32,51,-43,78
178,-71,-65,141,-99,-44
178,-4,-3,-132,54,79
178,-52,-85,67,61,95
178,-89,-80,31,-42,134
178,-52,-87,-69,86,-109
178,-90,-40,97,-22,-155
178,-17,-41,-8,2,25
179,-58,-14,-82,-17,92
179,-33,13,142,-57,14
179,-73,-52,-133,40,131
179,-19,-30,22,115,175
179,-22,-71,-150,-88,18
179,-74,-37,152,11,143
180,-75,-75,119,14,-6
180,-64,19,-113,48,95
180,-36,-31,102,67,-26
180,-55,-24,-98,20,44
180,-19,-89,-97,72,84
180,-23,-66,-14,63,-16
180,-27,-82,-4,81,139
180,-44,28,-21,66,-50
