-180,-33,77,-93,142
-180,-40,40,30,98
-180,-14,-110,-79,-124
-180,79,-90,-100,72
-180,62,-124,-46,57
-180,-40,-115,81,176
-180,-68,-81,-30,116
-180,43,-93,-49,106
-179,64,-65,-16,-61
-179,33,-87,123,30
-179,-42,-31,91,146
-179,77,-114,-54,58
-179,41,-81,-4,-45
-179,-63,-35,-8,31
-179,58,-72,34,-109
-179,-11,-58,8,94
-178,29,-55,-24,-33
-178,84,-98,33,-122
-178,-12,-57,113,169
-178,73,-86,28,-142
-178,-74,4,-86,-174
-177,-17,37,11,147
-177,-37,75,-56,-19
-177,-47,-112,-89,-87
-177,-56,-39,-11,170
-177,-49,52,-34,163
-177,-5,-93,-80,-26
-176,5,-36,-35,-121
-176,23,-61,10,-47
-176,-47,-68,115,-99
-176,-65,36,-45,-9
-175,-36,-79,-96,-41
-175,-8,-56,-85,-71
-175,58,-81,40,-142
-175,-59,-77,14,3
-175,-78,56,-7,-155
-175,-44,-91,119,-28
-175,-35,-12,32,-108
-174,-78,-66,-59,29
-174,78,-67,-55,-149
-174,-60,25,35,45
-174,-55,-91,111,170
-174,-56,-60,38,-180
-174,-65,10,8,-92
-173,27,-116,-8,-61
-173,-2,-91,54,-10
-173,-50,6,49,161
-173,-62,-73,81,148
-173,17,-55,84,142
-173,-39,-125,-2,75
-173,-2,-6,-7,16
-173,-20,82,-83,69
-173,-26,65,-39,-174
-173,-84,84,-69,51
-173,52,-78,6,-121
-173,-60,-65,104,28
-172,48,-18,-91,116
-172,28,0,-28,-176
-172,-22,-119,-88,56
-172,-20,30,2,122
-172,-79,45,-83,32
-172,-72,-92,-30,-75
-172,-64,-42,51,60
-172,40,-113,25,-163
-171,-71,-11,41,-139
-171,69,-63,-40,130
-171,14,-11,-55,106
-170,22,-123,55,-29
-170,-3,43,-46,169
-170,-84,13,74,132
-170,16,-7,-97,86
-170,-65,-29,-99,-128
-169,10,-60,-36,79
-169,-17,-75,111,106
-169,-36,-2,23,-131
-169,-62,45,43,-81
-169,-33,-97,89,-154
-169,-80,34,28,-119
-169,-22,-45,-63,-58
-169,-50,-13,-21,23
-169,-13,-4,10,137
-169,-51,80,-76,-150
-169,-53,-12,84,-96
-168,35,-24,-61,2
-168,24,-30,53,-140
-168,-72,-72,28,42
-168,-47,21,-76,-49
-168,-28,31,-94,-81
-168,11,-66,-8,-167
-168,-45,-31,122,-63
-168,63,-123,62,127
-167,-37,23,36,-99
-167,4,-111,73,33
-167,53,-63,-95,-22
-167,-66,-106,102,136
-167,17,-45,-68,128
-167,-14,-109,97,101
-167,-61,26,92,21
-166,-71,-85,-45,-109
-166,-52,56,-35,-56
-166,15,-58,-23,-78
-166,13,-7,-51,-137
-166,15,-32,125,142
-166,-56,-33,38,-112
-166,-39,-98,25,156
-166,-19,-118,-51,29
-166,-26,-70,73,-180
-165,-42,-109,-88,-118
-165,30,-79,59,-144
-165,-71,-8,57,28
-165,-28,-19,123,179
-165,-70,47,-45,68
-164,74,-96,-100,-155
-164,14,41,-53,-150
-164,-40,0,58,-107
-164,3,-12,-15,-105
-164,-10,-88,67,165
-164,76,-110,-23,-91
-164,-32,-18,46,135
-164,10,59,-100,52
-163,47,-75,-76,-49
-163,46,-40,-2,172
-163,-33,5,98,45
-163,-30,-50,-90,-98
-163,-77,-96,120,40
-163,-26,11,110,108
-163,-52,-10,-33,176
-163,44,-86,54,-156
-162,45,-97,22,-129
-162,54,-45,-11,-56
-162,-69,38,89,109
-162,52,-117,99,92
-162,-56,-114,86,36
-162,-10,-93,73,101
-162,-11,-102,36,142
-162,-64,-57,-6,95
-162,-54,-102,-75,-165
-162,34,-71,51,-88
-162,-8,-18,-35,-108
-162,-57,-68,-31,-85
-162,20,-12,40,-37
-162,-61,-46,-2,172
-162,0,-42,64,-120
-161,-29,-98,-12,-109
-161,52,-116,-72,-113
-161,22,-65,78,-5
-161,-60,9,-2,-74
-161,-45,4,9,169
-161,88,-115,23,-89
-161,79,-124,22,57
-160,-67,69,-16,-40
-160,40,-103,-69,74
-160,12,-51,89,111
-160,-29,8,95,-19
-159,-76,18,42,-43
-159,-53,26,7,-49
-159,-55,73,-93,71
-159,-72,27,74,50
-159,74,-124,-82,-10
-159,71,-120,100,-27
-159,-68,-51,11,34
-159,-63,50,17,46
-158,-68,32,58,122
-158,-3,54,-90,26
-158,-60,39,-11,-78
-158,-71,-86,66,161
-158,-87,10,-84,106
-158,9,-80,32,-156
-158,-55,-74,42,-41
-158,-2,40,-68,171
-158,-24,14,30,92
-158,66,-106,-59,5
-157,-37,44,-18,54
-157,-52,-89,53,112
-157,-38,14,22,-54
-157,-76,-49,16,-113
-157,-44,37,-43,52
-157,-53,-69,-60,-131
-157,-20,-63,-69,-105
-157,-77,-44,64,103
-157,-61,19,51,31
-157,-50,36,4,-134
-157,-5,-68,45,-47
-156,20,-78,-50,-137
-156,-41,-57,17,-25
-156,52,-56,-3,41
-156,4,-17,-73,-137
-156,-73,-60,111,113
-156,28,-71,90,14
-156,22,2,-86,46
-156,63,-94,-48,125
-156,-53,90,-71,-92
-155,-66,-109,104,-165
-155,-1,-31,-35,164
-155,-39,12,5,-137
-155,-47,-80,2,21
-155,-85,66,8,84
-154,-34,-117,95,50
-154,-16,-20,45,-171
-154,40,-123,-54,-154
-154,10,-92,-71,60
-154,-69,-48,27,34
-154,-40,-4,-46,-112
-154,0,-83,61,105
-154,-54,-19,4,86
-154,36,-28,-63,101
-154,-33,-50,-39,43
-154,-66,28,82,-35
-154,-61,-67,-57,-65
-153,54,-101,-38,101
-153,-90,38,-15,-168
-153,50,-32,-89,27
-153,-77,15,-3,-56
-153,47,-93,-85,-53
-152,42,-89,-36,144
-152,-80,33,21,-2
-152,44,-80,106,-126
-152,-35,-25,6,37
-152,-62,31,50,147
-152,-85,-37,109,119
-151,-40,-83,-81,-26
-151,-33,-121,70,-112
-151,-77,-91,25,133
-150,-57,77,-86,157
-150,23,-49,101,-82
-150,48,-73,-81,-97
-150,16,-108,-21,-138
-150,-1,23,-77,50
-150,-48,-51,-55,7
-150,-53,-94,-71,-161
-150,-65,45,-29,-159
-150,-64,27,5,-67
-150,-60,64,-66,-61
-149,-70,-80,75,-35
-149,-21,-46,-43,-68
-149,-17,-94,-65,-124
-149,-48,-102,-64,134
-149,-5,-95,90,-157
-149,-83,-23,-51,-63
-149,-86,-1,-78,-152
-149,36,-52,-61,22
-149,-69,90,-45,-17
-148,26,-8,-1,164
-148,-70,15,-48,112
-148,-7,-14,-92,82
-148,30,-112,-22,-12
-148,9,57,-83,-165
-147,-40,34,-20,-167
-147,60,-62,-54,-60
-147,23,-81,-25,54
-147,0,-44,-49,-62
-147,12,-23,-74,49
-147,-76,-11,24,-80
-147,-57,-34,-47,58
-146,-29,-90,45,-45
-146,-79,55,-3,-129
-146,9,-52,21,54
-146,-41,-38,-88,0
-146,32,-79,53,144
-146,-65,17,26,-2
-146,-76,-96,27,-127
-146,-13,-4,31,-114
-145,5,-123,-59,-85
-145,-82,-7,39,-105
-145,-62,46,5,47
-145,-40,9,113,165
-144,27,-107,35,-71
-144,-6,20,-7,-174
-144,51,-90,-80,25
-144,-66,-2,-78,-94
-144,31,4,-59,-41
-144,-21,-110,62,-109
-144,-30,13,108,41
-144,-38,17,-33,176
-144,-87,15,44,145
-143,42,-118,78,-6
-143,-38,60,-31,33
-143,-82,-65,67,-7
-143,18,-20,31,12
-143,61,-110,52,-6
-143,-17,-63,114,-150
-143,-64,-3,47,126
-143,9,4,33,-56
-143,-31,-63,52,-72
-143,-54,-22,64,164
-143,72,-70,-7,75
-142,-17,72,-79,98
-142,-5,-5,93,-175
-142,63,-78,-92,7
-142,-25,-22,57,-169
-142,-64,-118,102,-151
-142,23,-73,59,43
-142,5,-41,5,-88
-142,-38,-100,-18,79
-142,-5,-55,125,155
-142,-30,-124,-89,-107
-142,62,-113,-80,-49
-142,38,11,-53,-50
-142,-48,6,-23,-173
-142,-53,-68,93,-95
-142,53,-75,46,147
-141,-14,-98,61,171
-141,-80,-93,70,-153
-141,2,-107,115,-99
-141,-31,29,-37,-121
-141,18,-85,125,-141
-141,33,18,-97,-88
-141,29,-16,-89,-111
-140,-37,7,91,66
-140,-70,21,124,87
-140,1,0,32,93
-140,-55,-59,26,-169
-140,30,-118,-31,99
-140,-37,-43,20,132
-139,-35,-40,-80,-59
-139,42,-74,28,69
-139,-87,-21,58,62
-139,-12,41,-50,98
-139,38,-87,104,-26
-139,-20,-81,-28,74
-139,25,-124,-12,-76
-139,-81,-62,-40,121
-139,-20,-118,94,-37
-138,-69,-23,-100,80
-138,-77,-14,-89,32
-138,57,-97,-12,74
-138,22,-97,87,-156
-138,-74,-31,124,-123
-137,-26,12,-53,-5
-137,-19,82,-97,67
-137,16,8,-1,73
-137,-80,-47,95,161
-137,0,-79,73,-117
-137,-80,31,-56,104
-137,-4,-73,39,-141
-136,69,-80,-99,-32
-136,-8,-107,-35,93
-136,-44,-28,27,19
-136,62,-93,78,28
-136,40,-60,-66,129
-136,47,-52,-25,119
-135,5,-111,46,64
-135,-90,44,55,-20
-135,-21,-73,35,-57
-135,24,-100,89,-121
-135,-12,-3,96,-132
-135,-13,-80,33,-8
-135,14,-90,79,133
-135,-83,-79,20,-82
-135,45,-68,84,49
-135,-50,-114,42,-118
-134,5,9,7,-16
-134,-35,-107,13,104
-134,6,-7,-92,-170
-134,74,-114,71,174
-134,-84,43,72,-36
-134,4,-28,-31,-167
-134,14,-97,95,112
-133,43,-104,-85,139
-133,-67,-78,-82,87
-133,-22,30,23,161
-133,-58,-85,66,-164
-133,-74,-40,81,-18
-133,29,-86,-46,55
-133,-38,-34,-93,-45
-133,-26,-47,37,-152
-132,-86,-20,4,-93
-132,38,-124,32,114
-132,-57,33,89,-105
-132,38,12,-79,103
-132,-44,-76,115,-119
-132,-68,-11,30,49
-131,50,-30,-3,17
-131,17,-81,-87,-59
-131,-14,-97,7,-27
-131,-53,-99,-56,-173
-131,31,-74,-22,167
-131,-84,48,5,-126
-131,-38,32,-100,16
-131,-58,-56,81,-140
-130,-36,14,-78,-100
-130,-13,19,118,-95
-130,16,-81,57,-80
-130,-19,-15,13,43
-130,2,-13,89,142
-130,-62,28,61,151
-130,-16,65,-73,-45
-130,-14,-43,59,157
-130,-55,28,45,55
-130,79,-72,-46,72
-129,-78,62,-76,23
-129,14,-93,-57,-40
-129,16,-79,-59,139
-129,34,-55,-15,51
-129,62,-106,31,-147
-129,-38,-27,17,-10
-129,-87,64,-17,96
-129,-65,57,-68,27
-129,-71,-24,-69,97
-128,-21,-30,-78,-43
-128,9,-48,-32,-172
-128,-83,30,44,-167
-128,-22,-50,27,23
-128,6,-60,-87,-105
-128,-17,-116,-24,70
-128,1,27,-54,38
-128,8,-11,-18,65
-128,-38,-107,-2,-157
-128,-20,-55,40,0
-127,-25,-115,5,127
-127,-32,-103,121,-56
-127,-53,-54,-23,-1
-127,55,-66,28,-178
-127,12,4,20,81
-127,32,-32,36,64
-127,-9,-41,-81,93
-127,31,-33,-48,-173
-127,23,-76,116,-64
-127,-85,-50,-58,-33
-127,30,-77,46,-137
-127,20,-60,113,179
-127,-50,63,-21,-131
-127,-53,-53,-51,41
-126,40,-17,-40,-99
-126,-54,30,-71,-41
-126,-52,33,72,134
-126,-61,32,-12,162
-126,52,-114,-73,49
-126,-85,23,-2,-19
-126,49,-42,-77,-167
-126,-81,-59,50,4
-126,-60,48,-20,-106
-126,-45,-64,94,-69
-125,-40,-53,73,-157
-125,79,-124,76,60
-125,4,-111,-15,-171
-125,0,5,-59,173
-125,-16,-77,-33,169
-125,-39,-35,38,109
-125,-49,-65,-77,53
-124,-12,-112,41,-86
-124,39,-93,62,13
-124,40,-85,15,115
-124,-3,-56,-34,139
-124,-3,4,2,-176
-124,-65,14,-59,-118
-124,0,-58,3,-61
-124,-34,77,-63,179
-124,38,-123,43,-174
-124,23,-26,19,-55
-123,66,-121,21,-44
-123,-87,-5,57,7
-123,-9,-12,9,-11
-123,47,-121,73,43
-123,44,-97,43,-139
-123,5,11,-59,-96
-123,-23,34,-25,171
-122,57,-116,-33,90
-122,-73,-3,28,-67
-122,-84,72,-7,-93
-122,-79,-25,103,151
-122,-15,72,-64,125
-122,-46,-119,82,146
-122,-26,-116,94,-40
-122,-24,-72,-55,117
-122,-60,36,37,121
-122,-70,-76,99,-53
-122,8,28,-34,-16
-121,-51,79,-62,83
-121,-36,74,-86,170
-121,9,-47,102,-119
-121,-68,-4,119,-112
-121,-50,46,-33,42
-121,-85,-10,-99,-129
-121,26,29,125,41
-120,-85,42,-54,-168
-120,-2,69,-81,24
-120,-85,-37,115,68
-120,46,-56,-70,-43
-120,-66,-30,-4,160
-120,-10,-93,-85,98
-120,33,-115,-50,56
-120,21,-32,-16,-24
-120,-43,-76,32,152
-119,-41,-124,66,-161
-119,-88,23,46,24
-119,35,-110,-74,-71
-119,74,-114,37,129
-119,-22,34,-43,-94
-119,66,-119,29,23
-118,-58,-33,56,8
-118,-74,-5,105,35
-118,-52,54,-20,-65
-118,-30,-93,-54,-180
-117,-39,4,83,-151
-117,-8,-33,1,72
-117,-75,-32,-20,-37
-117,-27,24,-94,23
-117,48,-82,62,-64
-117,-11,-70,-63,-70
-117,-51,-64,-73,29
-117,-12,-121,109,-18
-116,17,-99,106,-59
-116,-36,33,-25,-124
-116,-90,3,-98,128
-115,13,-3,36,-92
-115,-30,-72,79,-33
-115,-77,-71,-17,15
-115,-81,-5,-46,-97
-115,-65,-98,0,34
-115,24,-79,-39,25
-115,53,-90,-25,179
-115,-61,10,-41,-50
-115,38,-15,-31,-20
-115,-89,-9,74,-62
-114,31,-85,48,141
-114,25,-35,29,-140
-114,18,-121,59,58
-114,-73,20,-74,169
-114,-59,14,-88,-43
-114,75,-76,-9,12
-114,22,-46,-96,94
-114,49,-73,52,111
-114,-88,24,17,-36
-114,-55,-16,-69,97
-114,33,-36,5,8
-113,-56,37,-44,161
-113,-26,-80,13,-30
-113,85,-122,-75,122
-113,-3,-104,98,49
-113,-51,23,71,104
-113,88,-114,51,-21
-112,-73,-99,92,44
-112,-65,39,-72,-166
-112,27,-50,61,-23
-112,53,-103,89,-122
-112,-32,26,40,72
-112,-44,-65,14,-15
-112,-51,-105,-11,-72
-111,-40,-9,-27,-19
-111,-37,-124,-69,61
-111,80,-85,-96,97
-111,16,-90,-44,-161
-111,63,-75,17,21
-111,-4,16,4,-74
-111,57,-91,47,-91
-111,-50,-30,59,64
-111,49,-104,65,26
-111,-78,-57,-6,-136
-111,-3,-1,64,-31
-110,19,-19,-34,150
-110,2,-90,11,174
-110,18,-36,-99,125
-110,8,8,-37,120
-110,38,-79,-8,119
-110,72,-118,60,-180
-110,22,-59,82,-178
-109,-25,-75,97,-155
-108,37,-118,20,147
-108,48,-93,116,18
-108,-18,-92,-27,129
-108,45,-49,12,-54
-108,-45,18,23,-78
-107,74,-71,-53,23
-107,23,-50,-59,137
-107,-63,20,11,148
-107,-24,8,62,121
-107,-76,-3,-29,-169
-107,55,-87,124,-31
-107,12,-100,-71,-40
-107,-50,-100,67,-98
-106,-2,-20,65,-11
-106,-18,40,-19,-90
-106,-55,34,65,-13
-106,68,-83,23,-31
-106,-86,73,-80,-44
-106,5,-74,-22,-52
-106,4,-87,31,30
-106,-17,-13,7,-75
-105,-46,-50,80,20
-105,23,-107,97,86
-105,10,-85,102,-177
-105,-30,4,-2,108
-105,3,-115,23,-125
-105,-72,3,-76,-71
-105,-82,43,-22,-65
-105,-38,62,-33,48
-105,2,-29,19,-138
-105,60,-113,39,161
-105,-86,-91,59,10
-104,-45,-84,-42,70
-104,47,-46,-63,-107
-104,54,-60,-6,138
-104,52,-93,31,140
-104,7,40,-44,160
-104,-69,67,-54,20
-104,58,-78,78,46
-104,-81,54,-80,120
-104,-90,0,96,21
-104,46,-89,114,-177
-103,-70,31,68,-39
-103,17,-117,95,103
-103,18,-92,-87,-161
-103,-38,-76,111,-86
-103,-34,83,-61,101
-103,-42,-75,115,30
-103,40,-117,63,-36
-103,-3,-108,-83,60
-103,65,-81,49,-138
-103,10,-37,-54,92
-102,-83,-59,-17,-9
-102,-34,-19,-27,-88
-102,-15,-18,109,-99
-102,-63,-81,-84,98
-102,-29,-33,33,177
-102,-59,-93,113,-92
-102,-46,-49,-83,-161
-101,-56,-102,35,-143
-101,2,-50,-12,59
-101,-57,-95,-100,-57
-101,-33,-95,89,-55
-101,-61,21,-80,179
-100,-5,-5,114,87
-100,-5,52,-41,-93
-100,81,-111,3,-131
-100,10,-35,-43,41
-100,-16,-19,112,149
-99,42,-82,-62,-62
-99,-15,-48,113,-128
-99,-13,-62,-46,-162
-99,-63,-24,-42,-30
-99,-86,43,-22,151
-99,-46,76,-44,-128
-98,38,-13,-38,162
-98,-49,56,1,97
-98,19,-53,18,-76
-98,29,-31,5,-33
-98,-69,-43,44,-1
-98,-19,-11,49,154
-98,-77,-72,-49,78
-97,36,-96,43,152
-97,9,-51,-5,173
-97,-60,-12,30,-142
-97,70,-124,34,20
-97,-74,42,-63,-145
-97,31,-35,57,-180
-96,-35,49,10,-169
-96,-8,56,-41,40
-96,28,-123,97,-28
-96,-64,-53,-8,101
-96,-87,90,-15,136
-96,5,-97,59,87
-96,-45,35,-96,-172
-96,65,-106,84,-4
-95,16,-97,43,31
-95,-27,-44,102,-61
-95,-12,69,-63,166
-95,-21,-8,-65,-20
-95,-48,8,30,-30
-95,-5,-37,119,57
-94,1,-53,-81,143
-94,-79,-13,-2,-12
-94,-23,21,116,52
-94,-39,-30,115,180
-94,-54,51,-93,166
-94,51,-117,-34,75
-94,-73,-10,-34,-104
-94,22,-35,-26,94
-94,9,16,-70,-152
-94,-10,-56,81,180
-94,37,-102,107,7
-94,29,-1,-71,146
-94,86,-115,0,169
-93,-36,-74,56,144
-93,-60,14,121,-30
-93,-9,-93,-42,146
-93,26,-57,101,78
-93,-78,83,-13,90
-93,-46,-86,-25,-143
-93,-32,61,-35,-148
-93,-51,-4,111,-173
-92,5,-5,-6,-177
-92,62,-116,58,64
-92,-50,-68,-9,-7
-92,-53,40,-87,-24
-92,-79,33,31,108
-91,-64,-114,55,131
-91,-47,-66,-68,-143
-91,-73,79,-24,70
-91,-29,3,109,164
-91,-26,-63,20,-9
-91,14,-117,75,-21
-91,-44,-80,78,73
-91,34,-80,-43,-10
-91,-35,-89,-61,-1
-91,-58,34,3,-88
-91,37,-97,47,-26
-91,4,1,-85,-47
-90,-21,-124,83,27
-90,-31,-111,-84,169
-90,8,18,-42,-65
-90,-11,-12,107,-102
-89,15,-13,-55,-93
-89,20,-33,54,-71
-89,50,-93,-97,27
-89,76,-124,1,57
-89,65,-93,2,170
-89,-50,-35,2,153
-89,30,-48,12,30
-89,-86,-30,78,162
-89,-41,47,8,-49
-89,31,-65,-87,9
-88,-1,38,124,65
-88,-73,-29,56,0
-88,-21,-46,58,-42
-88,25,-96,32,149
-88,4,16,-87,3
-88,-36,60,-17,3
-88,23,-57,117,120
-87,-84,75,12,-163
-87,-86,88,-51,-44
-87,6,-31,70,-73
-87,-26,-8,122,2
-87,-41,-86,72,-48
-87,31,-94,-98,26
-87,-87,8,61,-19
-87,-79,-53,29,-125
-87,-47,24,94,50
-87,-31,-52,75,-86
-86,-13,-48,-60,141
-86,-88,-29,110,-112
-86,-3,-37,-81,-56
-86,-68,-16,111,-88
-86,-69,48,-42,148
-85,-40,-93,11,60
-85,-1,-84,71,64
-85,39,-69,14,-135
-85,62,-100,-74,-39
-85,-15,-59,115,64
-85,-19,-51,78,-25
-85,-76,18,-1,-142
-85,56,-49,-66,-34
-85,79,-114,-77,121
-85,1,0,-99,-42
-85,-90,81,-80,62
-85,18,-124,35,-20
-84,-1,-41,-72,129
-84,-39,-22,-32,-63
-84,18,-32,118,-10
-84,81,-109,16,71
-83,40,-83,-82,76
-83,-59,38,24,45
-83,15,-35,-4,-17
-83,-73,-58,9,42
-83,-50,-110,12,49
-83,64,-84,10,16
-83,-13,1,65,-125
-83,-70,-104,62,156
-82,-59,-97,-45,87
-82,-24,-26,-85,160
-82,-59,-25,113,-12
-82,4,-69,-29,48
-82,-48,-84,-81,-83
-81,-50,39,-71,95
-81,-40,-82,-34,113
-81,-56,-110,-5,104
-81,2,-21,-23,22
-81,56,-102,24,128
-81,-9,-90,70,-178
-81,-51,-122,27,-154
-81,-72,10,64,50
-80,80,-121,81,-49
-80,-51,-20,-71,97
-80,6,1,-7,131
-80,-60,16,-88,140
-80,-87,45,73,-4
-80,-42,-92,-42,23
-80,-29,-117,14,114
-80,43,-10,-26,157
-80,2,-62,113,157
-80,-15,-8,19,30
-79,-70,88,-103,-3
-79,-90,23,111,-146
-79,-9,0,-3,149
-79,27,-102,-72,-151
-79,66,-101,40,115
-79,-84,-55,94,30
-79,17,-8,18,-41
-79,-48,-91,47,-102
-79,-15,-97,64,-6
-79,-28,-96,-65,-109
-78,-44,66,-90,-45
-78,-34,-39,116,22
-78,62,-113,4,-148
-78,-42,-18,57,118
-78,-70,-28,13,19
-78,86,-91,-29,-26
-78,-29,16,79,11
-77,30,-81,110,148
-77,20,2,-65,79
-77,-57,26,4,-34
-77,-29,52,-88,127
-77,63,-96,-48,167
-76,62,-121,-89,-107
-76,-49,30,38,144
-76,-31,-24,104,146
-76,-36,75,-84,98
-75,68,-106,87,177
-75,-61,-22,-87,-76
-75,34,11,-86,-64
-75,-3,-44,5,143
-75,71,-96,-79,-20
-75,-11,-7,-4,-39
-74,31,-106,99,11
-74,-47,-60,-5,-160
-74,79,-89,-6,-22
-74,6,-120,92,96
-74,-29,-51,106,-138
-74,30,-88,30,145
-74,-60,68,-45,-116
-73,-28,-38,94,178
-73,-27,20,10,-157
-73,-20,-125,117,52
-73,-52,-32,63,68
-73,-34,1,-85,137
-72,26,-39,-95,165
-72,-53,-54,45,79
-72,-62,28,110,-19
-72,45,-78,-46,71
-72,60,-64,-81,175
-72,21,-97,-27,147
-72,-25,0,19,-82
-71,-83,68,-89,-126
-71,-63,14,90,125
-71,-59,-62,116,56
-71,-12,-41,-64,-172
-71,54,-80,-60,65
-71,-78,-12,-75,-170
-71,48,-30,-79,-74
-71,-52,-19,44,-49
-71,32,-18,15,-38
-70,-45,-32,-53,107
-70,36,-26,-36,-158
-70,-2,-67,67,18
-70,-79,-99,10,-30
-70,-68,-125,92,78
-70,-46,25,2,-36
-69,-41,-89,69,102
-69,-88,-22,3,139
-69,13,-107,48,90
-69,1,1,-93,-69
-69,-58,40,-84,-178
-69,-15,-115,-23,128
-69,-43,-104,121,98
-69,-45,-46,-74,-65
-69,25,-68,-97,0
-69,-67,-28,-98,-15
-69,-28,-33,-61,-7
-69,55,-47,-74,-60
-68,19,-96,-46,-176
-68,-38,47,-19,-167
-68,-18,-15,-40,103
-68,-59,-3,-34,71
-68,77,-117,-68,-54
-68,-43,-92,-6,105
-68,-47,83,-78,25
-68,-11,-44,55,-3
-68,10,-87,100,-139
-67,36,-7,-93,124
-67,-51,72,-9,-42
-67,-59,-118,-25,158
-67,-75,76,-92,-164
-67,-7,-29,-58,-94
-67,-40,-124,-31,-14
-67,-38,-70,-50,-16
-67,-18,-118,11,36
-67,-81,-98,11,-129
-67,-41,-108,66,-93
-67,40,-99,-34,103
-66,-49,7,14,50
-66,-65,-46,89,119
-66,-28,68,-40,-138
-66,34,-104,123,129
-66,46,-56,-64,-130
-66,-80,22,-45,53
-66,53,-37,-36,-43
-66,-53,55,24,-89
-66,-20,18,-71,-40
-66,-36,-78,89,-102
-66,0,-84,-53,122
-66,-85,64,37,4
-65,-78,62,-48,-154
-65,-28,-80,15,-160
-65,53,-92,-40,-37
-65,-50,-90,-81,-74
-65,-72,-54,-7,-20
-65,47,-81,-88,-162
-64,5,-80,-100,89
-64,-68,-90,23,-10
-64,-17,51,-33,-137
-64,-10,-70,-50,-43
-64,-22,12,-87,58
-64,-27,-90,114,18
-63,6,-1,-74,94
-63,12,-121,73,72
-63,-89,31,-3,29
-63,-15,25,35,-33
-63,-35,13,-38,63
-63,-80,22,18,-153
-63,34,-122,-28,120
-62,40,-94,110,139
-62,-87,-85,53,-22
-62,-73,5,30,145
-62,50,-26,-27,120
-62,-25,-77,58,114
-62,-31,53,-44,40
-62,62,-116,75,-68
-61,11,34,-56,-129
-61,-34,-93,94,-35
-61,14,-63,23,-7
-61,60,-66,-19,-7
-60,-51,32,-48,-132
-60,79,-118,-58,180
-60,-32,-120,-67,-173
-60,-75,12,102,-163
-60,-70,-122,116,86
-60,-25,-44,119,-29
-60,85,-115,-74,123
-60,-61,-80,104,129
-60,-51,31,-11,91
-59,9,-21,26,129
-59,-60,-6,-13,-134
-59,-21,-102,-79,-47
-59,29,-1,-87,36
-59,86,-85,-78,-173
-59,28,-67,-74,-172
-58,-76,-81,52,15
-58,36,-81,-93,71
-58,-36,-7,-83,92
-58,-78,-85,109,-108
-58,-38,-8,67,-20
-58,13,-11,-23,87
-58,-90,-52,48,65
-58,-23,0,-42,113
-58,22,-93,-75,2
-58,-41,70,-57,158
-58,34,-46,-32,142
-57,47,-111,47,-5
-57,-52,-44,45,33
-57,-30,-1,55,-40
-57,15,-50,-39,74
-57,-18,-32,71,-117
-57,-54,43,-89,-51
-57,-5,-38,29,-90
-57,26,-112,4,-17
-57,-5,-79,-29,116
-56,-20,54,-42,150
-56,-71,0,-13,-73
-56,-43,-40,94,-14
-56,46,-56,-18,92
-56,59,-41,-49,-121
-56,23,-54,-72,153
-56,-78,-23,-63,164
-56,23,-32,116,-1
-56,-64,-34,52,-70
-56,16,2,-36,-81
-56,-57,8,-45,-120
-56,82,-88,-78,93
-55,46,-75,-29,-12
-55,-19,58,-41,-118
-55,40,-61,103,172
-55,25,-79,-3,78
-55,-41,-75,55,-53
-55,-74,-99,-9,-94
-55,-4,-118,91,-49
-55,-83,-43,-2,-23
-55,-46,32,-36,-170
-54,-89,-28,104,29
-54,69,-125,-15,135
-53,48,-11,-52,62
-53,-1,-29,62,64
-53,-22,54,-68,-128
-53,78,-92,27,158
-53,22,-113,-87,58
-53,-69,-19,90,94
-53,41,-84,46,-81
-52,-58,-49,115,-13
-52,33,-42,-79,-42
-52,-37,19,-47,-56
-52,72,-119,-3,20
-52,38,-74,44,-31
-52,56,-84,-82,-118
-51,29,-115,112,9
-51,56,-52,-41,113
-51,-80,36,33,116
-51,58,-77,63,-79
-51,-89,44,-12,-59
-50,-22,-110,84,-98
-50,-25,-76,-39,-3
-50,-67,27,15,-139
-50,-72,-94,6,-48
-50,4,-45,60,-170
-50,-65,44,51,-84
-50,-90,19,81,108
-50,-5,-29,88,-134
-50,33,-117,-4,-96
-50,-31,-18,3,-48
-50,-72,86,-31,-107
-49,49,-103,-29,-103
-49,-2,19,-30,75
-49,-22,17,87,59
-49,-47,14,-29,113
-49,-56,29,86,27
-49,-79,-42,107,142
-49,-23,20,-52,-158
-49,15,-70,-98,97
-49,-74,78,-15,130
-49,-28,-110,120,-51
-49,-60,-110,-16,146
-49,34,-117,104,-179
-48,28,-47,43,85
-48,44,-95,91,76
-48,6,-86,9,85
-48,-45,29,32,53
-48,74,-77,-82,-62
-48,42,-61,11,72
-47,-8,-35,-85,-98
-47,-13,-21,3,76
-47,25,-88,67,-13
-47,-88,46,55,5
-47,73,-78,-8,155
-47,-69,4,-14,143
-47,57,-67,-82,131
-47,-83,6,-98,-147
-46,-29,-106,45,-83
-46,41,-59,-68,-84
-46,-64,-19,41,-87
-46,56,-102,-35,144
-46,31,-100,110,-75
-45,52,-36,-5,91
-45,-43,23,-4,-117
-45,-2,-50,-73,-62
-45,-10,-96,99,-101
-45,10,-56,77,126
-45,65,-103,91,-122
-45,48,-6,-90,-102
-45,-50,-123,119,-74
-45,-41,-63,57,4
-45,-88,-53,-44,-23
-45,-28,-121,-73,-47
-44,8,-58,70,-114
-44,-59,25,106,-112
-44,-42,-19,-45,-50
-44,-54,-12,84,-63
-44,50,-22,-26,-45
-44,-1,-67,-52,70
-44,26,11,-26,-71
-44,-67,-51,-72,149
-44,-43,-19,-57,55
-44,22,-43,-21,-132
-44,-9,-72,32,-88
-44,-13,14,-77,-143
-43,28,-40,-78,87
-43,-47,59,-89,110
-43,-38,58,-50,114
-43,-2,13,119,-70
-43,-83,-33,-35,-63
-42,-16,-102,26,96
-42,61,-125,-50,122
-42,-64,39,-89,-160
-42,-88,-35,6,-17
-42,-28,-77,45,-118
-42,62,-83,21,-81
-42,-78,-96,-14,115
-42,-34,-80,-12,32
-42,-24,11,36,59
-42,35,-36,-62,-40
-41,-56,26,123,-9
-41,26,-62,-6,67
-41,37,-100,-94,-48
-41,-84,13,-2,-59
-41,-53,-86,121,21
-41,-11,-77,-48,87
-41,10,5,121,-151
-41,19,-42,-15,-152
-41,-19,55,-70,-109
-40,23,-103,25,153
-40,-50,61,-40,-106
-40,-59,74,-54,-168
-40,-21,-86,14,114
-40,-88,85,-70,74
-39,28,-51,107,69
-39,-61,17,12,-90
-39,87,-125,-35,-150
-39,36,-82,95,21
-39,-19,-47,-70,57
-39,-30,-27,48,167
-39,-72,45,-95,-121
-39,-67,83,-33,-27
-39,16,22,-34,100
-39,-38,-14,103,31
-38,-63,-40,92,-70
-38,-65,-52,4,24
-38,-57,-95,56,-154
-38,-16,-4,30,137
-38,-46,30,-86,-58
-38,-56,36,-57,81
-38,75,-63,-19,91
-38,-71,-46,-39,-170
-38,-6,-24,45,-127
-37,30,-72,-24,177
-37,-69,8,25,-151
-37,-47,8,-81,-69
-37,-30,-19,-50,27
-37,-89,24,29,167
-37,23,-28,-35,-89
-37,-48,-104,33,-47
-36,-57,-71,-17,-147
-36,-29,19,2,83
-36,-74,-75,26,-14
-36,-41,74,-26,-46
-36,-77,-35,-40,61
-36,-37,-117,-81,46
-35,68,-116,42,3
-35,88,-101,-81,38
-35,40,-52,123,-162
-35,-85,41,23,-116
-35,-77,-23,-10,-162
-34,29,-79,90,54
-34,-66,-4,27,-69
-34,32,-121,25,-160
-34,-6,-38,-45,177
-34,-73,7,56,90
-34,12,-72,28,-87
-34,-24,-106,20,-21
-33,-21,-122,-76,-159
-33,-82,44,8,0
-33,-43,-5,-39,-140
-33,-37,-22,77,56
-33,43,-69,-46,50
-33,19,48,-92,-97
-33,-85,1,-63,-48
-33,-15,-87,90,3
-33,6,-53,84,-44
-32,88,-99,-73,92
-32,-63,-80,94,45
-32,-68,-15,-64,124
-32,-81,-55,115,-150
-32,-3,-28,74,140
-32,-74,56,-87,61
-32,-47,-58,-96,-16
-31,8,-110,-5,109
-31,29,-90,-18,-14
-31,-44,-40,-61,-76
-31,3,-2,57,133
-31,-76,31,-18,-94
-31,-46,-47,-24,-116
-30,7,-25,-20,-69
-30,-87,72,-57,-142
-30,-84,6,83,-67
-30,42,-32,-70,-81
-29,19,-22,58,108
-29,-84,50,73,-27
-29,43,-125,-9,-135
-29,-29,52,-3,68
-29,29,-28,-16,-107
-29,-59,-9,-25,-171
-29,-41,60,-26,57
-29,-63,-31,-17,-118
-29,68,-91,1,22
-29,-82,55,-28,12
-29,-30,-89,-94,112
-28,-17,-42,-32,-168
-28,-8,-19,23,135
-28,-51,-7,24,2
-28,-60,-13,44,147
-28,-64,9,115,108
-28,61,-118,-57,97
-28,-39,-79,97,-91
-28,39,-99,-30,-173
-27,-52,-52,-96,32
-27,-63,-9,-43,29
-27,55,-56,-87,134
-27,-30,-78,70,90
-27,-34,1,-63,-12
-27,-13,-9,-79,48
-27,38,1,-75,90
-27,-42,-95,40,-151
-27,4,-118,19,29
-26,-36,26,-30,12
-26,6,6,-17,171
-26,34,-61,-82,-11
-26,-14,-9,26,119
-26,28,20,-55,37
-26,-62,-54,-7,142
-26,-74,20,12,160
-26,11,-102,-57,-104
-26,-17,-121,112,122
-25,64,-123,59,-17
-25,6,-9,109,137
-25,-29,-77,-57,-64
-25,-3,-77,116,-142
-25,4,-55,22,-6
-25,-73,-11,-81,16
-25,-53,-31,-5,126
-24,-71,-74,64,-94
-24,-18,27,-15,35
-24,-80,11,16,75
-24,-40,5,4,8
-23,-80,82,-77,-5
-23,-57,49,-30,-96
-23,-90,9,47,117
-22,64,-116,66,65
-22,39,-110,-13,84
-22,44,-18,-54,16
-22,-45,-16,67,135
-22,46,-90,-36,-62
-22,-46,-12,-95,-96
-22,-20,46,-24,-73
-22,-77,-26,-41,146
-21,-73,-59,-95,143
-21,-68,-99,84,-41
-21,-53,5,51,32
-21,-6,2,114,-96
-21,25,-121,-71,-141
-21,-51,-51,-57,-67
-21,-70,57,-4,126
-20,-57,-54,-78,71
-20,-8,9,-6,-23
-20,-35,17,56,58
-20,-44,57,-23,-167
-20,-5,62,-53,133
-20,-25,-97,66,120
-19,-3,-93,87,147
-19,6,-11,-93,-106
-19,17,-117,81,47
-19,-43,-68,-82,-111
-19,-1,-35,118,164
-19,-54,-36,-100,-120
-19,-74,12,86,-86
-19,-54,5,-67,95
-19,31,-55,21,47
-19,-5,-23,103,43
-18,1,-11,-74,115
-18,-23,-54,91,-92
-18,-61,31,92,-158
-18,-71,-21,50,148
-18,69,-119,-37,135
-18,-51,48,44,-163
-18,67,-121,-77,136
-18,-42,-27,3,-133
-18,-37,-84,50,116
-18,-34,44,-36,-5
-17,-86,-50,59,117
-17,-68,73,-98,-65
-17,-1,-120,86,-152
-17,5,-106,-28,52
-17,69,-94,-59,-169
-17,-64,49,12,-74
-17,-79,55,-87,10
-17,-17,-118,99,-34
-16,-19,-45,-33,54
-16,9,-57,-71,73
-16,-65,11,123,112
-16,68,-100,-33,103
-15,69,-111,-13,-37
-15,40,-18,-68,98
-15,-6,24,4,158
-15,-86,-68,-48,73
-14,-25,-116,-71,-111
-14,-47,-101,101,102
-14,-33,-82,3,146
-14,-70,-21,-79,-11
-14,-13,-42,-62,-88
-14,-26,-26,84,-41
-14,-45,-106,60,-157
-14,17,24,-55,45
-14,36,-69,-3,-175
-13,-43,-80,9,59
-13,-74,76,-47,-71
-13,20,-8,17,-4
-13,-78,-56,-36,167
-13,-43,20,-62,72
-13,-65,-39,-39,49
-13,-41,-113,42,44
-13,-6,-16,26,151
-13,-29,55,-41,-101
-12,-57,-25,16,161
-12,-26,-10,106,96
-12,-87,-41,-28,-120
-12,-48,-31,10,-105
-12,-37,-109,-85,-118
-12,-43,85,-49,142
-12,88,-112,-91,53
-11,32,-11,-66,103
-11,-47,-14,-67,-17
-11,-36,-103,70,47
-11,71,-63,-86,4
-11,-15,21,-33,91
-11,50,-79,-89,61
-11,13,-10,-56,-173
-11,37,-87,62,61
-11,-69,61,-81,-139
-11,5,-77,40,91
-11,-52,28,1,37
-11,14,-22,23,78
-11,-47,-32,-30,-139
-10,14,-118,43,9
-10,-60,69,-75,43
-10,-41,-24,8,91
-10,-89,-67,86,64
-10,39,-109,-20,3
-10,17,-100,87,-121
-10,-86,-51,-33,110
-10,-58,51,40,-72
-10,-23,-3,87,35
-9,-12,15,16,-32
-9,-16,15,48,87
-9,-46,-48,68,-169
-9,-33,46,-70,-25
-9,-22,-55,-69,-137
-9,2,22,-71,67
-9,12,-123,5,160
-8,-73,-100,45,178
-8,-59,-57,-52,99
-8,-73,28,-44,-143
-8,29,-96,-82,-42
-8,-88,77,9,-53
-8,-83,9,-77,107
-8,-56,18,-91,81
-8,-55,13,-38,-132
-7,-2,-96,118,28
-7,5,-63,64,60
-7,-32,26,-69,-87
-7,-54,-63,114,68
-7,-54,26,58,-86
-7,-25,30,-79,-149
-7,-47,-30,-60,99
-7,-17,-76,89,33
-7,-33,24,117,-45
-7,-43,-22,2,-180
-7,-51,28,79,-62
-7,63,-42,-64,23
-7,13,-102,101,-120
-7,51,-26,-53,-86
-6,14,-46,-72,-92
-6,-36,-14,98,-115
-6,-53,-69,10,133
-6,-86,66,-81,-156
-6,35,-97,-20,-124
-6,-30,-19,62,-141
-6,-56,32,50,-69
-6,-55,51,-56,53
-6,-43,-60,55,-19
-6,85,-109,-5,-150
-6,5,-10,109,-86
-5,-89,25,-24,148
-5,-41,-108,-51,-116
-5,-1,-63,105,67
-5,-8,-81,73,74
-5,-23,-1,106,57
-5,-74,-106,-8,-171
-5,-61,-20,19,128
-5,66,-51,-25,180
-4,58,-74,5,136
-4,-47,0,-5,-103
-4,-5,-63,-70,-122
-3,-79,-10,93,-11
-3,-28,-65,66,-100
-3,-46,-61,100,112
-2,-87,66,-11,146
-2,-23,-35,-100,91
-2,-54,43,-8,-74
-2,65,-83,-12,-163
-2,-82,-94,0,-75
-2,0,-75,36,-158
-2,17,-107,107,-76
-2,-50,-3,48,70
-1,33,-51,-61,59
-1,-62,29,-9,-113
-1,-9,54,-81,-91
-1,-88,-53,-30,-161
-1,3,-45,-18,122
-1,-84,-16,-78,-19
-1,-19,-70,-32,139
-1,-37,-83,116,35
-1,-42,29,-68,-67
0,0,0,0,0
0,-90,90,-5,-65
0,-6,24,-13,-82
0,-83,46,-27,-22
0,43,-100,13,-124
0,-44,-75,-18,-12
0,-31,-101,-84,7
0,23,1,-44,97
0,54,-104,41,57
0,-5,-26,-82,-83
0,49,-119,94,-109
0,58,-59,-20,-175
0,2,-65,-28,155
0,-25,-79,-54,-144
0,78,-79,-99,-151
0,4,-103,124,-32
0,-53,-39,27,-45
1,-70,-41,102,-126
1,-58,24,86,-125
1,-84,43,60,40
1,27,-117,31,104
1,-53,-75,-50,-18
2,-12,-27,54,-28
2,-52,-78,-2,-145
2,-29,61,-72,107
2,23,-37,13,-139
2,-76,-9,-6,0
2,39,-115,125,-150
2,-5,-71,102,32
2,68,-64,11,-25
3,-42,5,-69,178
3,-62,-104,-16,-63
3,-17,-22,-62,89
3,-77,-25,20,165
3,-76,-77,-58,118
3,-72,42,35,-128
3,70,-61,-46,-171
4,-50,22,6,4
4,-65,-19,45,-20
4,-77,51,-43,110
4,22,20,-86,-11
4,-69,-88,-68,-149
4,-49,-34,32,-88
5,-47,-70,-81,141
5,47,-108,-12,136
5,-10,22,-99,155
5,83,-93,-27,126
5,-20,-113,-11,84
5,12,15,-15,-25
5,-37,-85,92,5
5,58,-59,22,92
6,-5,-39,99,-128
6,-81,-7,118,77
6,-72,-116,6,174
6,56,-97,13,-85
6,16,-75,5,-53
6,-44,-109,20,101
6,2,-106,125,-5
6,-38,-56,21,171
7,-65,-91,79,-158
7,17,-99,6,-170
7,-77,21,-65,150
7,-86,16,3,-149
7,-30,-15,41,-95
7,-68,36,82,-129
7,71,-92,-47,-157
8,-1,-30,83,-47
8,57,-29,-39,-139
8,-57,-21,115,145
8,-31,-124,-32,92
8,67,-101,78,-75
8,-68,34,16,-55
9,-64,12,-60,-13
9,-21,-24,35,72
9,-78,-88,124,150
9,-32,-110,1,177
9,12,-122,19,149
9,4,-3,-72,-97
10,-72,43,9,-137
10,-89,86,-75,97
10,-75,-60,77,-12
11,-21,-45,125,-74
11,4,-102,59,171
11,-58,17,-18,128
11,-37,-40,92,166
11,63,-105,9,-34
11,-10,-60,95,-103
11,-86,56,-68,0
12,-34,-5,-16,-135
12,-54,-92,35,-82
12,-68,-11,-49,112
12,-24,-83,-16,-66
12,-78,-6,-54,48
12,26,-51,63,-25
12,38,-44,-16,87
13,-82,-52,75,42
13,26,-65,-11,-86
13,-58,79,-33,91
13,-66,-88,-10,69
14,-44,-54,105,-16
14,-29,32,-112,-110
14,-66,43,-63,180
14,-49,-107,63,-9
14,26,-105,60,7
14,-39,-44,-98,55
14,7,-81,1,113
14,73,-121,52,-72
14,-2,-36,117,100
14,-4,-93,-85,-95
14,8,-94,103,-162
15,-36,87,-95,80
15,78,-121,74,-129
15,-34,-109,-94,159
15,-89,50,-2,-99
15,-8,-101,24,-101
15,-69,-102,60,-122
15,0,-30,103,135
16,17,-68,72,-156
16,-63,-59,64,-164
16,-54,-38,114,-105
16,-81,48,15,176
17,20,7,-9,3
17,4,-66,-88,86
17,4,-26,22,-138
17,13,-40,26,-25
17,-16,-25,28,-21
18,-5,-20,114,-148
18,-37,24,-89,9
18,-16,34,19,-166
18,-76,11,78,129
18,6,54,-56,163
18,-60,26,88,27
18,14,-98,-13,20
19,-9,-68,-49,-99
19,59,-101,-3,-61
19,-22,-66,41,-78
19,70,-88,31,-109
19,-75,-100,92,114
19,54,-65,0,107
19,-71,-21,-73,33
19,-54,-85,-68,52
19,-37,-98,-15,158
19,-4,-123,56,8
19,-35,25,-83,-168
20,1,63,-66,-33
20,-71,-51,124,145
20,-53,24,9,-59
20,26,17,-42,-63
20,-90,-35,94,-125
20,-66,4,73,129
20,11,35,-92,-25
20,-89,55,-48,150
20,-51,-10,105,-165
20,-17,-40,-21,95
20,15,-118,-25,58
20,-84,-54,68,42
21,-18,-65,-14,-27
21,-8,-59,-75,89
21,-37,22,13,27
21,-75,-57,55,-69
21,-10,-4,7,-67
21,-66,-2,49,83
21,14,-122,-15,155
21,59,-47,-77,159
21,-13,-94,80,142
22,-29,-46,115,6
22,-63,-46,40,-90
22,-70,-12,91,-21
22,-62,-65,64,92
22,-23,-67,90,55
22,-70,-101,39,62
22,76,-67,-33,145
22,24,-53,-2,-122
22,-14,-15,109,59
23,-19,15,31,87
23,-64,68,-10,-37
24,-6,-29,111,22
24,-52,-125,23,-154
24,-31,-31,7,-132
24,-45,7,-9,174
24,-57,-28,121,158
24,-1,-105,3,135
24,-87,-43,40,-33
24,28,-88,-51,69
24,-28,-56,-41,24
25,5,9,-94,157
25,-26,-33,-33,-151
25,-70,27,104,40
25,7,-42,-1,78
25,41,1,-59,16
25,-38,-21,-72,-97
25,13,-10,-16,-138
26,43,-31,-47,0
26,-59,45,-100,115
26,-86,62,-57,-122
26,57,-89,-68,64
26,63,-78,-51,111
26,20,-15,9,-138
26,-37,-77,-76,20
26,-12,-27,116,91
27,27,-63,-23,-120
27,-73,6,2,45
27,29,-7,-67,166
27,-71,9,45,150
27,-26,-102,-19,-84
27,40,-25,-73,-176
27,-33,-88,9,-62
27,64,-117,-68,-16
27,32,-94,115,153
27,-34,22,-85,-79
27,-53,-79,3,-72
27,-20,-51,87,-35
27,-66,-15,-96,156
27,-27,-40,124,174
28,-8,-54,71,15
28,-36,-17,-89,161
28,12,-102,-27,49
28,-20,-37,51,137
28,-40,-82,-45,57
28,-41,41,-8,5
28,36,-112,106,-69
28,15,-3,32,-83
28,86,-87,-73,-2
28,34,6,-98,48
29,-56,-125,8,25
29,-53,-59,-5,-126
29,-26,-95,3,-138
29,15,-117,58,-69
29,-10,-102,72,112
29,-50,-77,121,175
29,70,-89,-7,122
29,-82,9,-28,114
29,-18,-123,-44,-58
29,1,15,-48,-125
29,-15,-20,98,-119
30,-37,-32,-95,63
30,-9,-75,-52,151
30,18,-122,118,-62
30,-27,-60,-12,135
30,24,-92,26,79
30,-35,-62,117,179
30,49,-97,63,5
30,19,-122,20,63
30,-1,62,-92,-170
31,42,-76,67,-6
31,-84,-44,-98,-4
31,-73,-32,37,125
31,44,-120,-67,-53
31,35,-39,-58,-58
31,-47,-92,82,-28
31,-31,-5,64,113
31,4,-46,22,-168
31,-83,15,-7,-155
32,-6,-80,-52,-77
32,-47,-43,8,123
32,-36,85,-90,-63
32,-60,-57,-93,-85
32,8,-78,117,66
32,1,-20,104,169
32,20,-54,-95,-95
32,36,-63,-47,83
33,-75,87,-95,151
33,73,-120,45,23
33,17,-109,-24,80
33,-14,-58,-72,-36
33,-1,69,-65,156
33,84,-81,-99,129
33,79,-99,-54,-67
33,-8,8,-76,36
33,-89,8,-56,32
34,-11,-23,-38,-94
34,-63,-119,88,28
34,39,-16,-73,-92
34,71,-75,-58,57
35,-77,30,78,162
35,79,-114,-25,156
35,-56,-12,71,-152
35,-45,-51,17,-173
36,63,-84,-82,69
36,-84,-5,119,59
36,-80,-33,82,-37
36,-80,-61,-24,52
36,-10,-112,-19,-155
36,53,-122,-84,-144
36,-37,46,-15,-175
36,-90,12,-11,47
36,-9,-113,105,-150
36,29,11,-46,-132
36,-71,-29,94,-143
37,26,25,-66,-147
37,-62,-96,-29,-117
37,-77,-57,-93,157
37,3,-123,-92,-148
37,-10,-116,-5,54
37,-88,15,-4,-154
38,-2,-42,-56,-62
38,-26,-104,-90,89
38,-81,44,-10,64
38,-40,11,111,65
38,-63,-122,99,-55
38,66,-78,4,73
38,0,35,-57,-135
39,-27,-26,39,148
39,-79,16,-24,-140
39,60,-122,-3,-29
39,-71,-111,88,43
40,82,-118,0,-78
40,54,-100,-18,-122
40,-31,69,-27,-179
40,-62,-51,9,103
40,7,66,-92,-120
40,81,-114,-11,9
40,-19,-26,-19,-15
40,-54,34,-73,49
40,-17,44,-39,-68
40,2,-69,82,-1
41,25,-122,35,-96
41,37,-49,-60,-57
41,28,-107,3,89
41,-15,-1,68,101
42,-20,-102,-62,-93
42,-72,-113,6,45
42,-46,14,73,-42
42,-66,3,-39,160
43,-31,-83,13,-81
43,-84,-11,-65,30
43,-84,-5,-9,180
43,36,-124,43,-139
43,27,-42,-33,-171
43,-51,81,-91,118
43,-28,-53,-1,128
43,-83,61,39,-7
44,-30,-76,105,178
44,-53,28,-70,103
44,-75,-27,10,-146
44,9,20,-84,-40
44,-16,-68,-50,90
44,49,-27,-31,-87
44,-37,-12,24,157
44,-11,-28,-69,33
45,11,-52,-17,-81
45,-26,-84,-31,-10
45,-65,-100,100,91
45,-83,-4,47,-89
45,13,21,-86,106
45,0,-120,119,1
45,4,-43,-79,168
45,8,-78,118,-112
45,-41,-68,-2,-7
46,69,-76,-11,21
46,36,-117,60,176
46,-37,-125,-97,10
46,27,-97,32,-107
47,-76,46,10,109
47,-51,-104,-24,-152
47,-60,-24,0,-106
47,-53,-102,27,13
48,-10,-20,92,-116
48,-45,-109,86,-117
48,-18,-20,100,82
48,-18,4,-82,125
48,-14,-37,114,-123
48,-42,32,-4,4
48,-13,-85,-13,-123
48,-42,-124,121,106
48,-27,-27,-34,-122
48,17,-74,-38,-3
48,-31,-59,17,146
48,53,-84,60,-122
48,-36,17,-24,171
48,22,-24,2,118
49,-29,-28,49,-157
49,-1,-71,-35,28
49,-16,40,-80,96
49,-62,11,106,85
50,45,-73,-62,68
50,-66,-95,50,53
50,-19,61,-88,-171
50,-9,-102,43,-41
50,-8,32,-13,-92
50,30,-14,-25,-153
50,44,-82,55,14
50,67,-120,28,0
50,64,-105,61,-69
51,7,-84,102,-56
51,12,1,-62,-129
51,23,15,-27,81
51,-60,43,2,53
51,75,-79,22,-170
51,-37,-116,82,-17
51,25,-81,-30,-144
52,-77,-41,-72,-57
52,-18,-85,111,11
52,16,29,-55,-111
52,-46,-50,-48,164
52,-36,63,-59,-98
52,-34,-122,-16,-83
52,-51,21,82,-6
52,-88,-35,-89,36
52,-40,-19,-91,-140
52,-1,-123,-60,146
53,7,-125,-94,41
53,-60,-28,12,-97
53,-57,21,-15,-43
53,-30,-118,125,104
53,-58,-71,60,101
53,2,-52,56,-32
53,-45,-82,37,-56
53,-79,-73,85,-179
54,-56,23,88,-130
54,-33,-108,50,90
54,-7,85,-86,-156
54,17,-100,71,-47
54,-39,11,75,-135
54,18,-37,35,-128
55,-30,-125,71,135
55,-19,5,68,34
55,4,9,122,39
55,-69,-44,29,145
55,-56,13,-2,124
55,-83,-15,118,-82
56,-90,-3,82,-145
56,-55,-59,-1,-107
56,89,-115,-84,-66
56,-22,-11,73,67
56,-62,-118,62,-113
56,-43,-49,111,-29
56,-51,-73,30,-163
56,-49,-116,-44,-95
56,22,-39,-40,-19
57,68,-81,19,-58
57,-68,52,-56,-89
57,-84,-51,36,171
57,-7,-57,-36,-78
58,10,-109,-90,23
58,38,-34,-49,41
58,11,-122,-86,-162
58,-48,15,-4,-77
58,-62,-53,31,-82
58,-54,18,9,172
58,43,-83,123,-30
59,-29,-79,-63,107
59,-22,-57,82,-17
59,-29,-61,-31,-105
59,59,-67,-59,-130
59,-58,-101,26,-12
59,58,-113,56,-42
59,-64,72,-86,-135
60,-60,-99,123,38
60,-42,-93,66,125
60,-56,-115,25,111
61,-10,-58,-80,82
61,33,-1,-100,98
61,-55,-58,-38,61
61,22,-74,38,130
62,33,-93,-3,-159
62,-24,-24,-88,-41
62,15,-84,57,26
62,45,-90,-37,-119
62,-36,51,-79,-172
62,-37,23,35,48
62,-31,-56,-59,-158
63,-23,-86,71,-63
63,-35,37,-44,92
63,49,-52,-55,0
63,24,-33,-69,74
63,7,-61,59,-123
63,-16,41,-61,-51
63,76,-66,-74,105
63,-23,-105,112,165
63,-3,22,-94,-58
64,-85,-3,-82,-100
64,33,-55,58,-71
64,-19,6,43,-112
64,-87,-42,37,162
64,40,-54,-98,157
64,-7,-77,65,15
64,69,-68,-87,67
64,-84,4,-46,70
64,-55,-46,58,-9
65,35,-125,54,-35
65,-82,-48,43,141
65,-15,-32,-66,-42
65,6,20,-20,-152
65,-35,32,-59,-69
65,31,-12,-76,71
65,7,-23,110,69
65,-34,-95,14,-29
65,-56,-98,65,94
66,-31,21,62,-85
66,-35,-108,110,7
66,-75,-32,2,-84
67,-50,63,-71,106
67,-21,1,38,133
67,28,-122,123,174
67,-32,-31,120,13
67,-53,24,-50,135
67,-82,59,9,103
67,39,-57,38,-65
67,-30,61,-28,141
67,-8,33,-47,-81
67,-29,-46,-36,-117
68,-78,-102,46,25
68,-85,61,-49,56
68,46,-72,25,-35
68,-64,-28,118,-3
69,6,-39,-69,38
69,43,-103,23,-51
69,31,-65,3,-61
69,69,-108,51,178
69,-42,-83,101,-168
69,-49,23,-83,-126
69,-86,-84,65,75
69,-11,23,-21,-164
70,-82,-56,15,-162
70,-20,14,91,64
70,-22,63,-65,-25
70,-78,45,69,-138
70,28,-107,-78,108
70,-79,-89,125,-90
71,-29,-49,-10,-59
71,-6,-67,55,-20
71,30,-64,-80,58
71,60,-88,23,-89
71,-76,-24,5,-85
72,11,-87,98,-135
72,1,-123,40,-94
72,-75,-109,38,80
72,6,15,-71,27
72,16,-95,-63,-149
72,88,-123,6,115
72,3,-78,33,-90
72,-44,-28,78,80
73,-55,85,-40,-31
73,32,-116,81,0
73,35,-34,-22,81
73,11,-98,88,-58
73,-89,-5,-62,131
73,-11,-86,80,94
73,12,-122,11,-173
73,17,49,-70,73
73,-81,39,74,0
73,-11,-76,9,24
73,13,-23,4,-112
73,-41,-108,-37,49
74,8,-70,-93,-58
74,-22,29,-32,-10
74,62,-109,-16,-23
74,-70,-102,14,27
74,53,-111,120,-179
74,-23,-115,22,6
75,-60,-38,-93,-142
75,2,-9,-67,-128
75,-50,-69,-61,13
75,-79,10,96,-36
75,2,-33,-21,-53
75,-18,-99,36,-107
76,-70,-48,91,-46
76,27,17,-43,88
76,-20,8,-16,169
76,19,-16,57,-48
76,-32,-114,84,59
76,-41,-38,-28,100
76,-74,-76,-68,168
76,-47,-65,-99,-63
76,-56,67,-5,32
77,35,-52,-1,15
77,-66,-14,-16,-52
77,-1,-118,92,114
77,-20,73,-51,124
77,-17,-6,-7,-2
78,-37,66,-63,146
78,-6,-22,34,-50
78,-90,37,-92,-54
78,53,-97,1,15
79,13,-125,87,-123
79,-58,3,33,134
79,6,-81,20,-119
79,10,-104,108,157
80,29,-42,-43,-147
80,-19,-48,-34,109
80,-16,-76,45,-68
80,13,-66,56,150
80,-89,24,-2,-80
80,-82,-28,-3,117
81,-82,-50,-46,-114
81,1,-95,-52,-44
81,-50,44,27,54
81,66,-80,-32,103
81,-65,-40,-69,36
81,-14,-82,-81,114
82,-85,-46,80,-93
82,89,-102,-2,-77
82,-57,-99,81,-107
82,-78,-72,99,-121
82,-18,56,-63,-6
82,-7,66,-70,-115
82,-73,-103,-13,-122
82,-28,-11,118,58
83,-60,-66,124,-110
83,30,-40,-94,101
83,-70,-2,5,160
83,66,-125,15,167
83,-17,50,-95,162
83,-71,-66,52,-137
83,-37,-49,69,-128
84,32,1,-46,135
84,9,-84,121,-33
84,-17,-53,-5,-13
84,62,-95,53,-128
84,-51,-29,-94,-128
84,-30,-108,-59,-116
84,-72,-118,31,30
85,-30,-13,27,55
85,12,5,-65,-106
85,-11,-118,90,-77
85,62,-103,45,-165
86,-39,48,-33,-177
86,-58,-24,15,51
86,-83,-5,-94,-122
86,-61,8,12,-83
86,-60,-2,79,-54
86,32,-58,-44,-36
87,-20,-18,30,-161
87,79,-72,-14,-164
87,69,-58,-69,-125
87,-35,-118,-20,-39
87,-59,-44,59,161
87,-41,-89,99,125
87,-59,-5,-100,-1
87,-67,30,76,12
87,19,-97,123,-6
88,-63,-28,84,-142
88,63,-74,38,121
88,-54,-11,-45,82
88,2,-80,35,-97
88,31,-120,114,92
89,-89,-40,56,174
89,-59,-11,24,82
89,48,-108,63,131
89,47,-73,-13,-106
89,-81,8,-82,-16
89,12,-56,-39,-165
89,-86,69,0,136
89,-24,-84,-79,-63
89,-49,-13,101,-65
89,-5,63,-92,-163
89,-18,-84,-11,-18
89,2,-54,13,140
90,-78,-3,-9,-77
90,74,-122,49,136
90,37,-73,-2,-116
90,-83,32,-48,43
90,-77,-28,-47,104
90,27,-61,-7,29
90,49,-70,8,18
90,-68,20,-59,32
91,-84,-25,-83,180
91,-27,-50,60,133
91,-11,-77,118,-161
91,-28,-25,31,69
91,-22,-62,37,-46
91,-37,-22,107,-6
92,7,35,-39,-30
92,-10,-105,79,-9
92,-43,66,-37,11
92,11,-46,56,175
93,-9,-13,-39,-7
93,28,6,-38,24
93,-73,81,-23,-5
93,71,-115,119,166
93,4,35,-18,88
93,36,-11,-18,110
93,9,-28,-39,-171
93,15,-75,121,-129
93,41,-8,-91,104
94,46,-60,34,176
94,-27,-49,90,92
94,22,-31,56,44
94,-32,-80,-69,-24
95,59,-29,-35,172
95,-58,-88,23,61
95,-59,-70,-22,61
95,14,-77,48,15
95,-28,-123,30,5
95,-81,79,-25,-26
95,-30,-100,-76,-178
95,-3,-5,70,76
95,-7,-119,-21,-122
96,-32,-16,-88,-105
96,-52,-64,104,20
96,51,-93,108,-79
96,-37,-35,118,17
96,-26,-119,22,-90
96,25,-36,16,170
96,-12,-29,-73,147
97,-25,-41,119,105
97,-7,26,10,97
97,-55,36,48,-22
97,-26,-24,110,-132
97,-27,-60,32,24
97,-32,-103,88,165
97,-27,-108,-71,19
97,22,-19,118,43
97,-17,-68,-36,-104
97,-77,65,-26,85
97,-44,-59,-12,122
97,-10,-24,-53,-120
98,-74,38,29,98
98,-72,6,107,139
98,55,-48,18,120
99,21,-91,120,-158
99,50,-83,105,-141
99,-75,-2,13,96
99,-47,-47,-48,119
99,57,-103,88,-5
99,3,-63,63,33
99,-77,50,69,135
99,-50,-54,23,119
100,28,-82,39,-80
100,-73,18,-60,-160
100,-49,-46,-67,-168
100,57,-70,18,-51
100,-14,-58,19,-75
101,-88,-61,64,48
101,25,8,-98,-115
101,24,-51,-34,153
101,-73,-120,31,-128
101,43,-15,-95,0
101,-69,7,70,118
101,-6,-77,-59,2
102,-85,10,-32,-22
102,-15,-16,-56,62
102,-90,71,2,74
102,-24,-118,86,-12
102,-47,32,-40,19
102,-71,-42,63,61
103,-26,-33,-32,8
103,-25,-123,63,-153
103,-83,-52,-50,-99
104,-47,15,111,42
104,-1,-30,-91,-83
104,-3,28,-61,56
104,-50,-21,-46,-168
104,-25,-65,-57,-103
104,11,25,-97,-156
104,34,13,-82,45
105,2,-110,-78,-167
105,-67,-42,-34,127
105,-31,-87,109,-70
105,2,-60,-59,-91
106,73,-70,-31,2
106,-79,13,-25,-45
106,62,-123,86,15
106,9,-107,93,27
106,-61,-21,99,-114
106,-66,-73,5,105
106,-88,-77,-14,115
107,-68,-47,9,64
107,0,-87,-62,111
107,-61,-28,56,124
107,-41,15,22,98
108,-85,-37,81,154
108,-47,-107,-6,156
108,-27,-111,80,161
108,29,-68,17,-34
108,59,-72,27,127
108,-33,-38,-1,158
108,-88,58,5,-114
109,-83,-9,-38,-50
109,-55,-46,48,129
109,-67,-6,84,122
109,86,-122,-89,-94
109,16,-4,-90,83
109,48,-113,-64,0
110,-67,-31,35,-22
110,-58,-115,38,90
110,-64,83,-55,143
110,12,-102,31,140
110,-58,24,-52,-52
110,6,-30,76,60
110,21,-103,-96,-164
111,-22,64,-91,75
111,-8,-120,84,51
111,-33,-105,-55,-166
111,-44,-108,111,13
111,37,-30,17,42
111,-43,-103,88,-159
111,-60,35,-19,-165
111,-44,-59,58,-53
111,71,-107,-55,-96
111,-74,-81,-9,82
112,-20,-37,-90,-47
112,75,-117,-99,94
112,8,-38,19,-139
112,-8,45,-44,-57
112,32,-69,-50,66
113,-71,-108,23,103
113,-17,34,-3,151
113,-53,-47,85,167
113,26,-64,114,161
113,-53,-11,77,-105
113,41,-63,62,6
113,-49,-3,89,116
113,4,-30,10,-42
114,-84,83,-46,87
114,6,-17,12,71
114,-18,-89,28,-156
114,-73,-43,6,17
114,20,-73,-34,-88
114,-57,-20,35,-74
114,-18,-12,-37,167
114,37,-104,-35,-153
114,-2,64,-79,127
114,-49,33,54,-37
115,40,-50,-67,-10
115,-88,84,-96,46
115,-83,40,0,25
115,43,-60,-64,107
115,-22,-12,-57,111
115,-87,52,-68,59
115,73,-98,-81,-111
115,-61,26,-36,-116
115,39,-52,-80,17
115,72,-108,-62,86
116,34,-58,-61,119
116,-48,-125,-4,-37
116,-74,80,-43,-149
116,11,16,124,143
116,45,-97,25,-174
116,36,-85,85,-74
116,-1,6,119,23
117,29,-62,-65,-108
117,40,-43,-71,-34
117,-64,25,-98,150
117,-43,-19,3,15
117,-9,-97,98,157
117,-74,31,50,-3
117,45,-15,-76,-165
118,41,-40,0,18
118,28,-44,-78,-90
118,-28,43,-9,-68
118,-54,-59,-34,-73
119,32,-109,116,-76
119,-59,16,74,-111
119,8,-73,80,4
119,42,-121,-67,43
120,22,-88,-25,36
120,-22,14,41,-98
120,-39,-75,-17,75
120,-82,-12,18,106
120,-8,-61,79,28
120,-33,-23,124,-80
120,-24,24,-63,50
121,38,-85,2,139
121,44,-54,-48,-84
121,-8,27,13,-94
121,48,-49,-17,-1
122,-16,-56,-56,31
122,-27,-55,-43,-170
122,-51,64,-72,-97
122,-50,-17,-70,110
122,-78,-35,45,-133
122,-76,-30,67,174
122,58,-67,23,-82
123,69,-51,-49,-108
123,-90,52,-60,-171
123,-22,-116,-73,124
123,42,-97,-67,75
123,-44,-8,-95,-124
123,63,-41,-25,-11
123,13,41,-97,82
123,-44,-40,-54,-8
123,-15,-95,-24,-94
123,6,-13,75,-26
123,8,-16,-17,-137
123,-18,22,-7,-32
123,-8,-121,-88,129
124,-25,-96,48,-157
124,-87,53,6,138
124,6,34,121,-150
124,-21,-103,23,-66
124,-30,-24,-28,178
124,-11,-41,-53,-152
124,-16,-66,-72,122
124,-37,-119,-52,138
124,-37,3,-32,-10
124,-68,-85,77,29
124,69,-104,85,150
124,35,-53,-5,117
125,-83,-41,-92,58
125,50,-60,56,-12
125,40,-100,52,90
125,-35,-41,22,100
125,-59,-89,122,43
125,-67,-78,-51,17
125,-57,75,-48,146
126,71,-112,-18,158
126,51,-104,47,38
126,17,-51,3,110
126,-26,0,-27,-23
126,-76,-110,90,116
127,-46,-34,-91,-172
127,13,-66,-62,-163
127,-21,-117,119,46
127,-22,-4,72,-6
127,-54,-52,4,-112
127,60,-96,-65,148
128,-23,-36,-26,74
128,25,-97,-86,1
128,-11,6,-46,40
128,-2,-115,-87,-132
128,-31,-101,100,110
128,57,-90,-86,23
129,37,-72,-12,72
129,-29,28,-95,-152
129,-75,-90,118,-102
129,-45,-58,82,-59
129,36,-50,-72,-26
129,-87,-16,102,122
129,-73,-68,91,-35
129,-46,-78,120,-153
130,-56,-37,28,-95
130,-39,48,-5,-139
130,-46,69,-93,-174
130,-10,54,-86,-108
130,34,-28,-84,11
130,-74,-75,-64,105
131,-64,-44,-28,-107
131,21,-49,50,-75
131,69,-76,-42,-104
131,-74,36,-46,-173
131,-68,-20,-95,-30
131,-67,-42,-37,7
131,-68,72,-41,88
131,31,20,-72,161
131,18,-20,70,-38
131,-9,48,-41,-57
131,-17,-44,-100,-71
131,1,7,-88,70
131,58,-91,-68,74
131,-23,-124,19,87
132,82,-122,-36,-54
132,20,-19,55,55
132,-43,-32,108,118
132,15,29,-52,94
132,-7,-114,92,-133
132,-43,-34,40,-64
133,36,-76,-88,-31
133,41,-12,-62,36
133,-75,-85,-19,-42
133,-8,-21,-91,-88
133,-22,-25,-66,-80
133,50,-81,25,30
133,-79,15,3,-149
133,-80,-83,39,-164
134,66,-101,-53,103
134,23,-124,29,-165
134,-87,-16,20,-129
134,-76,87,-26,-123
134,-72,36,-16,-25
134,-49,-49,-23,27
134,88,-108,23,-178
134,-62,-40,-2,-124
134,25,-60,103,111
134,19,29,-93,-67
134,-43,-93,121,-29
134,-27,-122,61,-17
135,-81,-33,54,-162
135,5,-24,82,70
135,-83,-76,-36,-154
136,15,7,-29,-89
136,-33,9,93,76
136,-59,3,47,-169
137,-48,51,35,35
137,-1,-118,102,-11
137,-53,12,-92,-72
137,-22,-88,-60,-34
137,41,-119,-49,-89
137,-65,62,-90,-56
137,-22,-90,97,-6
137,-24,-2,91,-93
137,-17,-46,37,-119
138,-70,88,-72,-132
138,-43,5,43,23
138,49,-63,-66,167
139,36,-27,-17,-26
139,-12,-42,96,11
139,30,-46,73,74
139,-2,-52,99,155
139,11,-33,122,137
139,-20,-86,-47,-30
140,69,-48,-100,-96
140,23,-34,-79,-172
140,-45,-111,92,127
140,-19,25,35,-93
140,-74,-42,-31,88
140,44,-50,61,25
140,-5,20,-93,-152
140,-53,6,24,24
140,-52,48,-2,-152
140,-43,-89,-56,-91
140,42,-96,47,28
141,-12,-59,-91,16
141,-4,-61,13,-33
141,-74,-47,-52,68
141,-82,-6,-53,-150
141,31,-111,104,-47
141,-48,-3,-96,175
141,-2,-84,116,14
142,3,24,-61,-58
142,26,-9,-1,-161
142,29,-84,63,-45
142,-70,-68,107,180
142,-23,6,44,24
142,-49,-79,103,-53
142,-5,-5,-25,-164
142,4,-2,60,-32
142,42,-75,-78,147
142,39,-74,-15,-154
142,-84,12,82,-70
143,5,-99,-53,139
143,-61,86,-96,130
143,41,-78,-51,-24
143,-90,-85,-10,63
143,28,-20,-73,-91
143,-22,-118,70,-17
143,-60,72,-39,25
143,-12,9,-54,-35
144,-22,-84,-81,3
144,-73,-56,124,105
144,-53,-118,-9,-99
144,-6,-9,119,-80
144,-88,-21,-6,-52
144,-73,-88,16,-127
145,-7,-32,18,176
145,18,-16,-98,95
145,-78,-10,-44,114
145,-62,79,-8,34
145,-33,11,120,29
145,3,46,-62,-125
145,-42,-14,-83,-3
145,-31,-4,9,12
145,-55,-78,30,84
146,-20,30,-27,4
146,-1,21,-78,-85
146,-54,9,-28,78
146,-45,0,-53,122
146,-49,30,24,27
146,-22,-19,17,5
147,69,-91,-48,-124
147,-57,-34,-31,-5
147,45,-89,-57,-14
147,-49,69,-61,56
147,-78,-44,125,29
147,-74,-45,-70,164
147,-26,-45,6,-69
147,-77,-48,91,-163
147,62,-80,35,-128
147,33,-116,-13,-88
147,11,-124,-93,-72
147,37,-27,7,62
148,-48,-79,62,30
148,-43,-74,-13,177
148,-42,-125,73,73
148,11,49,117,118
148,-42,-108,-21,-80
148,63,-106,78,-90
148,14,-59,89,-120
148,-71,-70,77,-136
148,-37,-121,119,-82
148,-71,-103,72,0
148,-5,-29,-29,145
149,-40,-26,39,137
149,-52,-41,-59,173
149,-14,32,-79,-114
149,-70,-8,-95,-101
149,-45,56,-23,-21
149,-64,-31,92,-30
149,23,-61,75,31
149,27,-50,37,-107
150,10,-9,-57,70
150,39,-48,8,111
150,56,-86,7,51
150,34,6,-72,-111
151,-61,69,-14,-11
151,69,-120,-68,-150
151,-90,37,-66,0
151,44,-22,-89,11
151,0,-123,71,98
151,-13,24,-30,-49
151,-22,-19,94,144
151,-57,-122,53,-156
152,11,26,-21,178
152,-66,0,-74,-1
152,-80,10,-42,156
152,-7,-63,59,-155
153,-26,-102,39,152
153,-1,-37,5,109
153,21,-41,61,168
153,-64,14,33,-132
153,31,-83,-20,51
154,57,-62,-9,160
154,-29,27,31,-37
154,-4,-57,-94,91
154,-47,-42,-61,-168
154,-39,-84,-11,-61
154,36,-99,62,-109
154,-51,-104,-98,68
155,-62,9,43,-145
155,-87,37,0,-26
155,-43,-93,-87,141
155,-34,-95,20,-116
155,42,-85,-91,-10
155,-59,59,-93,105
155,-87,13,117,-2
155,13,-90,37,114
155,-71,-81,-15,119
155,45,-55,-38,-158
155,43,-65,82,131
155,13,55,-70,84
156,-68,5,27,4
156,47,-72,-44,110
156,31,10,-79,70
156,22,-50,64,-124
156,52,-101,-68,122
156,11,-39,27,70
156,-70,41,63,-64
156,-30,-18,-48,-132
156,-22,-111,23,-103
156,13,-108,91,58
156,4,-31,34,94
157,14,-84,1,7
157,-90,5,108,-79
157,-13,-31,-24,-13
157,15,-21,-9,-111
157,-68,27,-59,-175
157,28,-3,-30,63
158,-57,-122,16,-42
158,-53,-82,61,150
158,5,-77,-21,-1
158,-7,-32,-44,104
158,-21,-5,-91,51
158,-53,-36,-58,27
158,-57,64,12,-124
158,75,-109,-68,-60
159,-44,19,57,-54
159,-80,5,66,-18
160,-60,-113,60,14
160,56,-97,-98,-112
160,-60,18,46,4
160,-51,-57,34,29
160,-29,-61,6,-1
160,26,-112,74,154
160,-46,-115,75,14
161,51,-86,60,11
161,-31,-7,-32,-25
161,-53,14,16,-127
161,68,-65,-69,54
161,-4,-50,70,-14
161,-72,25,-50,87
161,-13,-26,16,22
161,-56,-99,-93,-63
161,-15,11,100,-80
161,-77,-106,98,-147
161,-40,-4,-37,28
161,0,-29,107,-167
161,-31,-58,123,-1
162,1,-42,51,142
162,90,-111,23,-36
162,-42,-110,67,-47
162,34,-75,-50,44
162,-71,58,-66,-104
162,30,-107,-74,4
163,-7,19,-80,134
163,-7,-4,39,-167
163,-3,-20,98,-53
163,-14,10,34,-170
163,-24,-22,28,36
163,-13,-57,-81,74
163,34,-99,-74,65
163,-64,-16,67,101
163,37,-2,-72,-103
164,-15,-64,-87,-31
164,-71,-32,-73,94
164,45,-114,-40,-97
164,90,-106,23,138
165,70,-124,62,-35
165,-59,-48,111,82
165,-89,35,51,-54
165,-32,33,-86,144
165,85,-102,39,-66
165,-31,64,-31,-105
165,53,-83,56,-6
165,-60,59,24,139
165,-59,-23,-54,134
166,-35,-113,26,124
166,-35,-59,-79,-126
166,-37,-75,94,173
166,-68,69,-7,-141
167,-16,-58,-39,-136
167,-60,-2,123,-49
167,-42,-27,-55,-11
167,-25,-32,-35,109
167,-46,-61,-71,146
167,40,-21,-43,-152
168,47,-106,114,32
168,-69,-82,68,150
168,-68,-92,52,108
168,-45,50,-60,87
168,19,-86,-17,-88
168,-35,-123,-95,63
169,-49,-60,49,6
169,47,-113,85,-160
169,-65,25,-45,64
169,19,19,-80,-7
169,30,-16,-17,7
170,21,41,-87,3
170,31,-110,-22,46
170,78,-80,9,-71
170,-44,7,54,153
170,21,-116,18,147
170,-13,-117,100,35
171,41,-116,102,149
171,-90,9,118,-59
171,59,-100,63,-62
171,71,-72,-3,26
171,14,-6,-45,86
171,-16,-104,-80,-175
172,-12,-94,79,80
172,31,-95,91,-112
172,11,22,-89,-118
172,-55,-46,118,121
172,48,-97,78,-55
172,-73,-73,17,1
172,45,-30,-95,-69
173,79,-79,-99,-141
173,-49,16,-73,-62
173,-77,-31,-62,91
173,-34,-106,50,15
173,-1,-95,-82,0
174,40,-84,48,-36
174,-38,42,-83,-42
174,-22,-28,-51,163
174,-82,-72,-34,138
174,40,-63,55,-32
174,0,10,-31,-9
174,2,-110,-18,-32
174,-20,-48,82,137
174,-70,8,-63,148
175,-26,48,-29,-56
175,-90,-39,-32,165
175,83,-81,-35,-58
175,36,-61,30,-2
175,-21,-122,119,26
175,-80,-88,21,29
175,58,-93,29,-123
176,69,-83,-99,-146
176,73,-68,-28,-84
176,-32,-47,-52,-101
176,50,-67,-18,-146
176,-52,-27,-37,129
176,-28,20,59,32
176,-38,-80,76,17
177,-9,-18,-88,-115
177,23,-114,17,-89
177,-67,23,-41,-63
177,-57,-76,16,-82
177,48,-82,-6,-17
178,-26,61,-20,-97
178,-26,-48,61,155
178,76,-63,-96,76
178,53,-66,4,72
178,-4,-80,46,78
178,-46,65,-6,-44
178,-12,-29,-47,79
178,19,-124,72,95
178,-52,-23,123,134
178,58,-41,-58,-109
178,-24,-117,15,-155
178,32,-22,-92,25
179,66,-95,14,92
179,0,-67,39,14
179,0,-31,-48,131
179,70,-52,-78,175
179,-67,-113,-18,18
179,-23,47,-83,143
180,-87,-2,7,-6
180,-70,-118,118,95
180,5,-68,-27,-26
180,-4,-28,-82,44
180,-3,-13,4,84
180,22,-83,-61,-16
180,-64,-48,61,139
180,26,10,-48,-50
